id,legacy,battery_mv,upper_chameleon_ohms,lower_chameleon_ohms,upper_temperature_celcius,lower_temperature_celcius,smt_vwc_raw,smt_temperature_raw,upper_chameleon_centibar,lower_chameleon_centibar,smt_vwc_percentage,smt_temperature_celcius,upper_chameleon_raw_channel_a,upper_chameleon_raw_channel_b,lower_chameleon_raw_channel_a,lower_chameleon_raw_channel_b
S1,False,4098.0,1971.9133996489168,10984.615384615385,13.875,13.625,64.0,154.0,12.817825976226882,55.961079154727216,20.64516129032258,9.67741935483871,861.0,848.0,602.0,373.0
S1,False,4103.0,1930.0291545189505,10542.168674698794,14.0,13.6875,64.0,154.0,12.66953021302097,53.59767386728532,20.64516129032258,9.67741935483871,864.0,851.0,604.0,392.0
S1,False,4095.0,1957.91934541204,11006.160164271048,14.125,13.8125,64.0,155.0,12.807841193074491,56.29202526442275,20.64516129032258,10.0,862.0,849.0,602.0,372.0
S1,False,4088.0,1943.957968476357,10898.876404494382,14.375,13.9375,64.0,155.0,12.797920312179064,55.83798736601598,20.64516129032258,10.0,864.0,849.0,605.0,374.0
S1,False,4107.0,1930.0291545189505,10521.564694082246,14.5,14.0625,62.0,154.0,12.764179764844224,53.889037652695286,20.0,9.67741935483871,865.0,850.0,606.0,391.0
S1,False,4124.0,1895.3488372093025,10460.0,14.625,14.1875,63.0,156.0,12.644339053253963,53.68376216235893,20.32258064516129,10.32258064516128,867.0,853.0,611.0,389.0
S1,False,4124.0,1895.3488372093025,10460.0,14.625,14.1875,63.0,156.0,12.644339053253963,53.68376216235893,20.32258064516129,10.32258064516128,867.0,853.0,611.0,389.0
S1,False,4091.0,1916.132789749563,10920.245398773006,14.8125,14.3125,63.0,157.0,12.766284362758418,56.377714990667926,20.32258064516129,10.64516129032258,866.0,851.0,607.0,371.0
S1,False,4122.0,1902.268760907504,10941.658137154554,15.125,14.5625,62.0,156.0,12.768543102756274,56.779230460444296,20.0,10.32258064516128,866.0,853.0,607.0,370.0
S1,False,4088.0,1909.196740395809,11290.322580645165,15.3125,14.75,63.0,159.0,12.833757517706948,58.96434233946412,20.32258064516129,11.290322580645151,866.0,852.0,607.0,354.0
S1,False,4119.0,1874.6372605919903,10792.682926829268,15.5625,14.9375,62.0,160.0,12.73719209551735,56.36052515655214,20.0,11.61290322580645,869.0,854.0,612.0,372.0
S1,False,4114.0,1598.6394557823132,4989.010989010989,15.6875,15.125,62.0,160.0,11.603417364147749,26.16103256934727,20.0,11.61290322580645,883.0,881.0,716.0,649.0
S1,False,4096.0,1833.4297281665704,10501.002004008014,15.9375,15.125,62.0,162.0,12.636000711715388,54.922053759586646,20.0,12.25806451612903,872.0,857.0,613.0,385.0
S1,False,4091.0,1847.1337579617832,10877.551020408162,16.125,15.3125,62.0,162.0,12.73028082828279,57.26129207960832,20.0,12.25806451612903,871.0,856.0,609.0,371.0
S1,False,4120.0,1847.1337579617832,10984.615384615385,16.375,15.5,61.0,161.0,12.77915277887822,58.08499022122221,19.67741935483871,11.93548387096774,870.0,857.0,608.0,367.0
S1,False,4124.0,1840.2777777777776,10898.876404494382,16.625,15.6875,61.0,161.0,12.799128530357464,57.80579376296403,19.67741935483871,11.93548387096774,871.0,857.0,612.0,367.0
S1,False,4095.0,1799.3079584775087,10521.564694082246,17.0625,16.0625,62.0,165.0,12.709971879145405,56.05606442889354,20.0,13.2258064516129,874.0,860.0,612.0,385.0
S1,False,4123.0,1806.116560877092,10877.551020408162,17.3125,16.25,62.0,166.0,12.78881223419678,58.31793887415644,20.0,13.548387096774182,874.0,859.0,611.0,369.0
S1,False,4080.0,1778.929188255613,10521.564694082246,17.5625,16.375,62.0,167.0,12.721098950573994,56.3964135276964,20.0,13.87096774193548,876.0,861.0,614.0,383.0
S1,False,4092.0,1792.5072046109512,10877.551020408162,17.75,16.5625,61.0,168.0,12.817433446393396,58.6711661844383,19.67741935483871,14.19354838709677,875.0,860.0,611.0,369.0
S1,False,4092.0,1792.5072046109512,11356.993736951985,18.0,16.75,61.0,167.0,12.867864244236792,61.70583710064193,19.67741935483871,13.87096774193548,875.0,860.0,608.0,350.0
S1,False,4118.0,1778.929188255613,11136.363636363634,18.25,16.9375,61.0,168.0,12.85926106295087,60.6214638733381,19.67741935483871,14.19354838709677,876.0,861.0,611.0,357.0
S1,False,4117.0,1751.8667432510051,10687.563195146611,18.5,17.125,61.0,169.0,12.791368180635017,58.18929242646206,19.67741935483871,14.516129032258052,878.0,863.0,617.0,372.0
S1,False,4089.0,1778.929188255613,11246.105919003116,18.6875,17.3125,61.0,170.0,12.948755848333974,61.71194834928412,19.67741935483871,14.83870967741935,876.0,861.0,614.0,349.0
S1,False,4089.0,1758.6206896551723,10792.682926829268,18.9375,17.5,60.0,171.0,12.910590908152932,59.229866371387416,19.35483870967742,15.16129032258064,878.0,862.0,619.0,365.0
S1,False,4123.0,1758.6206896551723,10941.658137154554,19.125,17.6875,61.0,171.0,12.949358606091552,60.329651497797705,19.67741935483871,15.16129032258064,878.0,862.0,617.0,360.0
S1,False,4106.0,1731.6513761467888,10398.803589232304,19.3125,17.875,60.0,172.0,12.86834633671791,57.30795088981269,19.35483870967742,15.48387096774193,880.0,864.0,623.0,380.0
S1,False,4089.0,1731.6513761467888,10687.563195146611,19.5625,18.0625,60.0,172.0,12.92021277326186,59.23435088922983,19.35483870967742,15.48387096774193,880.0,864.0,623.0,366.0
S1,False,4109.0,1718.213058419244,10604.229607250754,20.0,18.4375,60.0,174.0,12.9515306535804,59.15166067347008,19.35483870967742,16.129032258064502,881.0,865.0,627.0,366.0
S1,False,4125.0,1724.9283667621776,10941.658137154554,20.1875,18.625,60.0,175.0,13.021380009679897,61.404758614321565,19.35483870967742,16.4516129032258,880.0,865.0,624.0,353.0
S1,False,4092.0,1711.505437893532,10666.666666666666,20.375,18.8125,60.0,176.0,13.00049577394588,59.94671249429334,19.35483870967742,16.7741935483871,881.0,866.0,627.0,363.0
S1,False,4123.0,1678.082191780822,10297.619047619048,20.5625,19.0,60.0,176.0,12.88873292042229,57.917180947576526,19.35483870967742,16.7741935483871,884.0,868.0,632.0,376.0
S1,False,4084.0,1678.082191780822,10098.231827111984,20.75,19.1875,59.0,174.0,12.92842662408363,56.91205955899844,19.032258064516128,16.129032258064502,884.0,868.0,634.0,384.0
S1,False,4100.0,1678.082191780822,10237.388724035609,21.0,19.375,59.0,177.0,12.981733449898314,57.95485770332798,19.032258064516128,17.09677419354838,884.0,868.0,634.0,377.0
S1,False,4089.0,1684.7515705311248,10542.168674698794,21.1875,19.5625,59.0,178.0,13.052586810317427,60.02149663169007,19.032258064516128,17.41935483870968,884.0,867.0,634.0,362.0
S1,False,4123.0,1678.082191780822,10398.803589232304,21.375,19.75,60.0,178.0,13.062523053462384,59.34714674968023,19.35483870967742,17.41935483870968,884.0,868.0,640.0,363.0
S1,False,4118.0,1691.4285714285716,10625.0,21.5625,20.0,58.0,176.0,13.164901027369142,61.019832301,18.70967741935484,16.7741935483871,883.0,867.0,640.0,352.0
S1,False,4088.0,1651.4806378132118,9941.520467836255,21.6875,20.1875,59.0,179.0,13.007631360044236,57.0058222469138,19.032258064516128,17.74193548387096,886.0,870.0,648.0,378.0
S1,False,4121.0,1684.7515705311248,10604.229607250754,21.9375,20.375,59.0,180.0,13.216593569351684,61.310293756928026,19.032258064516128,18.06451612903226,884.0,867.0,642.0,351.0
S1,False,4123.0,1651.4806378132118,10197.433366238896,22.125,20.5625,59.0,180.0,13.103229722270614,58.982326899944,19.032258064516128,18.06451612903226,886.0,870.0,649.0,364.0
S1,False,4090.0,1644.8491747296528,10157.635467980295,22.25,20.8125,59.0,181.0,13.099855005132214,59.002272710779856,19.032258064516128,18.38709677419355,887.0,870.0,651.0,364.0
S1,False,4124.0,1651.4806378132118,10177.514792899408,22.4375,20.9375,59.0,182.0,13.172379122555371,59.26022311912192,19.032258064516128,18.709677419354836,886.0,870.0,652.0,362.0
S1,False,4083.0,1625.0,9729.990356798457,22.5625,21.125,59.0,182.0,13.076021076623343,56.6656615146719,19.032258064516128,18.709677419354836,888.0,872.0,657.0,380.0
S1,False,4086.0,1638.2252559726962,10019.569471624263,22.75,21.3125,59.0,182.0,13.179863467556666,58.66943676693542,19.032258064516128,18.709677419354836,887.0,871.0,656.0,366.0
S1,False,4085.0,1638.2252559726962,10078.508341511284,22.875,21.5,59.0,183.0,13.207886970915848,59.23882754480002,19.032258064516128,19.032258064516128,888.0,870.0,656.0,363.0
S1,False,4123.0,1618.3986371379897,9710.982658959538,23.0625,21.6875,59.0,183.0,13.156339759064382,57.12109537869771,19.032258064516128,19.032258064516128,889.0,872.0,660.0,378.0
S1,False,4122.0,1644.8491747296528,10398.803589232304,23.1875,21.875,59.0,183.0,13.309890983712007,61.67835503651511,19.032258064516128,19.032258064516128,887.0,870.0,654.0,349.0
S1,False,4120.0,1605.218377765173,9654.178674351584,23.375,22.0625,59.0,184.0,13.164175062439256,57.14518925241989,19.032258064516128,19.35483870967742,890.0,873.0,664.0,377.0
S1,False,4122.0,1611.804767309875,9749.034749034749,23.4375,22.25,58.0,182.0,13.209652577735458,57.93758052409037,18.70967741935484,18.709677419354836,889.0,873.0,665.0,371.0
S1,False,4105.0,1372.9849916620344,4367.977528089888,23.4375,22.3125,58.0,183.0,12.07642899375568,26.32408212029481,18.70967741935484,19.032258064516128,900.0,899.0,752.0,672.0
S1,False,4115.0,1618.3986371379897,10257.425742574258,23.625,22.4375,58.0,182.0,13.283811940038769,61.387266112519,18.70967741935484,18.709677419354836,890.0,871.0,659.0,351.0
S1,False,4085.0,1605.218377765173,9864.077669902914,23.75,22.5625,57.0,182.0,13.249374949248557,58.99463656743509,18.387096774193548,18.709677419354836,890.0,873.0,656.0,374.0
S1,False,4119.0,1391.9821826280622,4572.649572649572,23.75,22.625,59.0,185.0,12.23172207281732,27.509059509067143,19.032258064516128,19.67741935483871,896.0,900.0,725.0,679.0
S1,False,4119.0,1391.9821826280622,4572.649572649572,23.75,22.625,59.0,185.0,12.23172207281732,27.509059509067143,19.032258064516128,19.67741935483871,896.0,900.0,725.0,679.0
S1,False,4117.0,1718.213058419244,7607.573149741825,15.5,15.25,63.0,157.0,12.069803961244183,38.44839939758235,20.32258064516129,10.64516129032258,876.0,870.0,620.0,542.0
S1,False,4124.0,1731.6513761467888,1909.196740395809,17.4375,16.75,62.0,165.0,12.492233545551212,13.11891704121991,20.0,13.2258064516129,861.0,883.0,889.0,829.0
S1,False,4120.0,1950.9345794392525,2763.568309419837,17.625,16.875,61.0,163.0,13.480281421828858,16.852488144408525,19.67741935483871,12.58064516129032,871.0,841.0,1023.0,580.0
S1,False,4084.0,1930.0291545189505,2990.4761904761904,17.75,16.9375,62.0,165.0,13.41563194523293,17.868357873139885,20.0,13.2258064516129,872.0,843.0,1023.0,552.0
S1,False,4106.0,1909.196740395809,2843.691148775895,17.9375,17.0625,62.0,166.0,13.364220371474492,17.255051340537165,20.0,13.548387096774182,874.0,844.0,1023.0,570.0
S1,False,4111.0,1909.196740395809,2867.9245283018868,18.0625,17.25,62.0,165.0,13.390576470291832,17.413273691627232,20.0,13.2258064516129,874.0,844.0,1023.0,567.0
S1,False,4086.0,1909.196740395809,2859.8365807668138,18.1875,17.3125,62.0,167.0,13.417036730304796,17.3946200550594,20.0,13.87096774193548,874.0,844.0,1023.0,568.0
S1,False,4121.0,1895.3488372093025,2867.9245283018868,18.375,17.4375,62.0,168.0,13.396004162883896,17.464907474145853,20.0,14.19354838709677,875.0,845.0,1023.0,567.0
S1,False,4106.0,1625.0,1881.533101045296,18.4375,17.5625,61.0,166.0,12.22306866558532,13.165701582297542,19.67741935483871,13.548387096774182,884.0,876.0,1023.0,699.0
S1,False,4072.0,1909.196740395809,3106.98270339526,18.5625,17.625,61.0,168.0,13.49704868912845,18.58481018558977,19.67741935483871,14.19354838709677,874.0,844.0,1023.0,538.0
S1,False,4084.0,1881.533101045296,2982.2335025380708,18.75,17.75,61.0,169.0,13.41498120672987,18.062556477787453,19.67741935483871,14.516129032258052,876.0,846.0,1023.0,553.0
S1,False,4121.0,1847.1337579617832,2982.2335025380708,18.875,17.9375,62.0,169.0,13.289334533326183,18.11662196039168,20.0,14.516129032258052,878.0,849.0,1023.0,553.0
S1,False,4120.0,1867.7494199535963,2932.9962073324905,19.0,18.0,61.0,169.0,13.40744466616332,17.913538432019458,19.67741935483871,14.516129032258052,877.0,847.0,1023.0,559.0
S1,False,4122.0,1874.6372605919903,2900.378310214376,19.125,18.125,61.0,170.0,13.464977665517631,17.802694263315725,19.67741935483871,14.83870967741935,876.0,847.0,1023.0,563.0
S1,False,4117.0,1826.5895953757224,2965.7794676806084,19.25,18.25,61.0,170.0,13.27785250231732,18.133197983021542,19.67741935483871,14.83870967741935,880.0,850.0,1023.0,555.0
S1,False,4113.0,1853.997682502897,2998.7293519695045,19.375,18.3125,61.0,170.0,13.426958757539492,18.30028491094454,19.67741935483871,14.83870967741935,878.0,848.0,1023.0,551.0
S1,False,4089.0,1833.4297281665704,2932.9962073324905,19.5,18.5,61.0,170.0,13.36198327575312,18.05772682273488,19.67741935483871,14.83870967741935,880.0,849.0,1023.0,559.0
S1,False,4125.0,1909.196740395809,3023.5518777848506,19.9375,18.5625,72.0,172.0,13.798772922375663,18.48679833285631,23.225806451612904,15.48387096774193,875.0,843.0,1023.0,548.0
S1,False,4115.0,1758.6206896551723,2941.176470588236,20.4375,18.5625,77.0,173.0,13.227391474290584,18.112990824993368,24.83870967741936,15.80645161290322,887.0,853.0,1023.0,558.0
S1,False,4108.0,1658.119658119658,2827.586206896552,21.0625,18.6875,77.0,176.0,12.903814966598963,17.634320143167905,24.83870967741936,16.7741935483871,895.0,860.0,1023.0,572.0
S1,False,4118.0,1618.3986371379897,2803.504380475594,21.4375,18.8125,77.0,176.0,12.801458560692891,17.560667583185143,24.83870967741936,16.7741935483871,899.0,862.0,1023.0,575.0
S1,False,4103.0,1559.322033898305,2771.535580524345,21.625,18.875,78.0,176.0,12.569145873819975,17.43331128980012,25.161290322580644,16.7741935483871,903.0,867.0,1023.0,579.0
S1,False,4122.0,1559.322033898305,2941.176470588236,21.6875,19.0625,78.0,177.0,12.58222988938951,18.260132694308137,25.161290322580644,17.09677419354838,904.0,866.0,1023.0,558.0
S1,False,4125.0,1520.2702702702702,3407.6015727391878,21.6875,19.25,77.0,176.0,12.402286092455295,20.46837802599375,24.83870967741936,16.7741935483871,905.0,871.0,1023.0,503.0
S1,False,4115.0,1481.4814814814813,3416.393442622951,21.75,19.5,77.0,177.0,12.236465389691755,20.593636461933816,24.83870967741936,17.09677419354838,910.0,872.0,947.0,578.0
S1,False,4117.0,1475.0420639371844,2949.367088607595,21.8125,19.75,77.0,177.0,12.219529678627676,18.504295228761755,24.83870967741936,17.09677419354838,910.0,873.0,1023.0,557.0
S1,False,4093.0,1462.18487394958,2835.633626097867,21.8125,20.0,77.0,177.0,12.16027163952349,18.052880499051664,24.83870967741936,17.09677419354838,911.0,874.0,1023.0,571.0
S1,False,4087.0,1449.356463346391,2739.72602739726,21.875,20.1875,77.0,177.0,12.11378428978065,17.663585240512663,24.83870967741936,17.09677419354838,912.0,875.0,1023.0,583.0
S1,False,4123.0,1442.9530201342282,2974.0012682308184,21.9375,20.4375,77.0,176.0,12.096869229565112,18.831128340900783,24.83870967741936,16.7741935483871,912.0,876.0,1023.0,554.0
S1,False,4101.0,1468.609865470852,2982.2335025380708,21.9375,20.625,76.0,177.0,12.215334839300828,18.928721664063325,24.516129032258064,17.09677419354838,910.0,874.0,1023.0,553.0
S1,False,4122.0,1487.9281302638967,2900.378310214376,22.0,20.875,77.0,177.0,12.317450615984257,18.62179281050719,24.83870967741936,17.09677419354838,909.0,872.0,1023.0,563.0
S1,False,4122.0,1449.356463346391,2803.504380475594,22.0,21.125,77.0,177.0,12.13909859932298,18.242048970292,24.83870967741936,17.09677419354838,911.0,876.0,1023.0,575.0
S1,False,4122.0,1462.18487394958,2924.826279216677,22.0625,21.25,77.0,177.0,12.211156530729818,18.855386960236284,24.83870967741936,17.09677419354838,910.0,875.0,1023.0,560.0
S1,False,4091.0,1462.18487394958,3048.469387755102,22.125,21.375,77.0,177.0,12.223944363466742,19.48443017333637,24.83870967741936,17.09677419354838,910.0,875.0,1023.0,545.0
S1,False,4104.0,1449.356463346391,2998.7293519695045,22.1875,21.5,77.0,177.0,12.177269060883145,19.287870431308555,24.83870967741936,17.09677419354838,911.0,876.0,1023.0,551.0
S1,False,4117.0,1475.0420639371844,2835.633626097867,22.3125,21.75,77.0,178.0,12.322243054069952,18.588827283884445,24.83870967741936,17.41935483870968,909.0,874.0,1023.0,571.0
S1,False,4091.0,1430.1675977653629,2851.758793969849,22.4375,21.875,76.0,179.0,12.139203144414823,18.70556618579066,24.516129032258064,17.74193548387096,912.0,878.0,1023.0,569.0
S1,False,4087.0,1430.1675977653629,2819.548872180452,22.5,21.9375,78.0,180.0,12.151990431841504,18.57104822175532,25.161290322580644,18.06451612903226,912.0,878.0,1023.0,573.0
S1,False,4121.0,1462.18487394958,2892.2495274102075,22.6875,22.125,78.0,180.0,12.340251582603198,18.980391892498293,25.161290322580644,18.06451612903226,910.0,875.0,1023.0,564.0
S1,False,4112.0,1449.356463346391,2755.6109725685783,22.75,22.25,78.0,180.0,12.293234450538314,18.362475500091435,25.161290322580644,18.06451612903226,911.0,876.0,1023.0,581.0
S1,False,4108.0,1475.0420639371844,2924.826279216677,22.875,22.3125,78.0,181.0,12.439879311871938,19.19894637337177,25.161290322580644,18.38709677419355,909.0,874.0,1023.0,560.0
S1,False,4076.0,1449.356463346391,2755.6109725685783,23.0,22.375,78.0,180.0,12.345486602832974,18.401787632385705,25.161290322580644,18.06451612903226,911.0,876.0,1023.0,581.0
S1,False,4105.0,1468.609865470852,2908.5173501577287,23.0625,22.5,78.0,181.0,12.449289989870405,19.18171672800002,25.161290322580644,18.38709677419355,909.0,875.0,1023.0,562.0
S1,False,4105.0,1442.9530201342282,2747.6635514018694,23.25,22.625,78.0,182.0,12.367939476542611,18.442432586888778,25.161290322580644,18.709677419354836,912.0,876.0,1023.0,582.0
S1,False,4121.0,1442.9530201342282,2763.568309419837,23.375,22.75,78.0,182.0,12.394390637996976,18.55937098162332,25.161290322580644,18.709677419354836,911.0,877.0,1023.0,580.0
S1,False,4093.0,1436.5567356064842,2739.72602739726,23.5,22.875,78.0,182.0,12.390614795360612,18.48346765410586,25.161290322580644,18.709677419354836,912.0,877.0,1023.0,583.0
S1,False,4114.0,1417.4107142857142,2668.7306501547987,23.6875,23.0625,78.0,183.0,12.339485192220565,18.19742717923273,25.161290322580644,19.032258064516128,913.0,879.0,1023.0,592.0
S1,False,4122.0,1436.5567356064842,2859.8365807668138,23.8125,23.125,77.0,183.0,12.457357635216455,19.151381870092283,24.83870967741936,19.032258064516128,912.0,877.0,1023.0,568.0
S1,False,4123.0,1449.356463346391,2779.5128044971893,23.875,23.1875,78.0,184.0,12.531919984522428,18.77846873219291,25.161290322580644,19.35483870967742,911.0,876.0,1023.0,578.0
S1,False,4105.0,1436.5567356064842,2645.2410383189126,24.0,23.375,78.0,184.0,12.497749592195182,18.181388989084848,25.161290322580644,19.35483870967742,912.0,877.0,1023.0,595.0
S1,False,4083.0,1455.767077267637,2723.8805970149256,24.0625,23.4375,78.0,184.0,12.603331266038426,18.58696173186432,25.161290322580644,19.35483870967742,910.0,876.0,1023.0,585.0
S1,False,4122.0,1442.9530201342282,2692.307692307692,24.125,23.5625,78.0,185.0,12.55550446444802,18.47221669541265,25.161290322580644,19.67741935483871,911.0,877.0,1023.0,589.0
S1,False,4091.0,1436.5567356064842,2700.186219739292,24.1875,23.5625,77.0,185.0,12.538404336433029,18.51096784062528,24.83870967741936,19.67741935483871,911.0,878.0,1023.0,588.0
S1,False,4118.0,1423.7855946398658,2629.6296296296296,24.25,23.6875,76.0,185.0,12.490634038828032,18.203947617002967,24.516129032258064,19.67741935483871,911.0,880.0,1023.0,597.0
S1,False,4084.0,1436.5567356064842,2723.8805970149256,24.25,23.6875,75.0,184.0,12.552014758744711,18.66834083070552,24.193548387096776,19.35483870967742,911.0,878.0,1023.0,585.0
S1,False,4119.0,1442.9530201342282,2700.186219739292,24.3125,23.75,74.0,184.0,12.596439525939903,18.571798817301676,23.870967741935484,19.35483870967742,910.0,878.0,1023.0,588.0
S1,False,4116.0,1436.5567356064842,2731.798382078407,24.375,23.875,73.0,182.0,12.5793244408129,18.769048867980043,23.5483870967742,18.709677419354836,911.0,878.0,1023.0,584.0
S1,False,4116.0,1436.5567356064842,2731.798382078407,24.375,23.875,73.0,182.0,12.5793244408129,18.769048867980043,23.5483870967742,18.709677419354836,911.0,878.0,1023.0,584.0
S1,False,4110.0,1436.5567356064842,2676.579925650557,24.375,23.9375,72.0,182.0,12.5793244408129,18.516141176481437,23.225806451612904,18.709677419354836,911.0,878.0,1023.0,591.0
S1,False,4084.0,1442.9530201342282,2700.186219739292,24.4375,24.0,72.0,185.0,12.623878180757725,18.653531445298285,23.225806451612904,19.67741935483871,911.0,877.0,1023.0,588.0
S1,False,4116.0,1417.4107142857142,2684.43893366398,24.5,24.0625,71.0,186.0,12.51432583498812,18.59591267509032,22.90322580645161,20.0,912.0,880.0,1023.0,590.0
S1,False,4079.0,1411.042944785276,2795.4971857410883,24.5,24.0625,71.0,186.0,12.48359648573392,19.14791897396768,22.90322580645161,20.0,913.0,880.0,1023.0,576.0
S1,False,4073.0,1417.4107142857142,2660.891089108911,24.5625,24.125,70.0,185.0,12.52798056356685,18.499458694339594,22.58064516129032,19.67741935483871,912.0,880.0,1023.0,593.0
S1,False,4114.0,1404.6822742474917,2771.535580524345,24.5625,24.1875,68.0,183.0,12.466492171043466,19.070725002729816,21.93548387096774,19.032258064516128,913.0,881.0,1023.0,579.0
S1,False,4096.0,1404.6822742474917,2637.430512662137,24.5625,24.25,68.0,186.0,12.466492171043466,18.4236092542935,21.93548387096774,20.0,913.0,881.0,1023.0,596.0
S1,False,4087.0,1391.9821826280622,2700.186219739292,24.5625,24.3125,67.0,185.0,12.40516271475003,18.756714474420665,21.61290322580645,19.67741935483871,914.0,882.0,1023.0,588.0
S1,False,4121.0,1404.6822742474917,2739.72602739726,24.625,24.3125,67.0,185.0,12.480107118938657,18.954048315997117,21.61290322580645,19.67741935483871,913.0,881.0,1023.0,583.0
S1,False,4099.0,1398.3286908077994,2700.186219739292,24.5625,24.375,66.0,186.0,12.43580761440738,18.77748821497497,21.29032258064516,20.0,913.0,882.0,1023.0,588.0
S1,False,4088.0,1398.3286908077994,2811.521603005636,24.5625,24.4375,66.0,185.0,12.43580761440738,19.35582976760904,21.29032258064516,19.67741935483871,913.0,882.0,1023.0,574.0
S1,False,4117.0,1398.3286908077994,2637.430512662137,24.5625,24.4375,65.0,185.0,12.43580761440738,18.484836512504398,20.96774193548387,19.67741935483871,913.0,882.0,1023.0,596.0
S1,False,4108.0,1398.3286908077994,2692.307692307692,24.5,24.5,64.0,185.0,12.422256990889538,18.779742943879786,20.64516129032258,19.67741935483871,913.0,882.0,1023.0,589.0
S1,False,4083.0,1398.3286908077994,2876.0226557583387,24.5,24.4375,64.0,185.0,12.422256990889538,19.67964034077237,20.64516129032258,19.67741935483871,913.0,882.0,1023.0,566.0
S1,False,4087.0,1385.6427378964945,2723.8805970149256,24.5,24.5,64.0,185.0,12.361075921140085,18.93781535276021,20.64516129032258,19.67741935483871,914.0,883.0,1023.0,585.0
S1,False,4097.0,1411.042944785276,2949.367088607595,24.4375,24.4375,64.0,185.0,12.470006164671627,20.048576666118848,20.64516129032258,19.67741935483871,912.0,881.0,1023.0,557.0
S1,False,4102.0,1404.6822742474917,2795.4971857410883,24.4375,24.5,63.0,184.0,12.439351199125198,19.296901319437524,20.32258064516129,19.35483870967742,912.0,882.0,1023.0,576.0
S1,False,4085.0,1385.6427378964945,2771.535580524345,24.375,24.5,63.0,184.0,12.334200905773908,19.17667548448865,20.32258064516129,19.35483870967742,913.0,884.0,1023.0,579.0
S1,False,4083.0,1398.3286908077994,2723.8805970149256,24.3125,24.5,63.0,184.0,12.381781727551813,18.93781535276021,20.32258064516129,19.35483870967742,913.0,882.0,1023.0,585.0
S1,False,4122.0,1404.6822742474917,2835.633626097867,24.3125,24.5,63.0,184.0,12.412328148447015,19.49846889276528,20.32258064516129,19.35483870967742,912.0,882.0,1023.0,571.0
S1,False,4123.0,1404.6822742474917,2819.548872180452,24.3125,24.4375,63.0,184.0,12.412328148447015,19.396095895131545,20.32258064516129,19.35483870967742,912.0,882.0,1023.0,573.0
S1,False,4123.0,1404.6822742474917,2827.586206896552,24.25,24.4375,63.0,184.0,12.398860603673924,19.43642181060309,20.32258064516129,19.35483870967742,912.0,882.0,1023.0,572.0
S1,False,4123.0,1417.4107142857142,2811.521603005636,24.1875,24.5,62.0,182.0,12.446496256519104,19.377349009116784,20.0,18.709677419354836,911.0,881.0,1023.0,574.0
S1,False,4119.0,1404.6822742474917,2715.97265382225,24.125,24.4375,63.0,184.0,12.37201299909791,18.877251725185264,20.32258064516129,19.35483870967742,912.0,882.0,1023.0,586.0
S1,False,4120.0,1417.4107142857142,2811.521603005636,24.125,24.4375,62.0,183.0,12.433018480508624,19.35582976760904,20.0,19.032258064516128,911.0,881.0,1023.0,574.0
S1,False,4119.0,1430.1675977653629,2876.0226557583387,24.0625,24.375,62.0,183.0,12.480664908160303,19.65778943231428,20.0,19.032258064516128,910.0,880.0,1023.0,566.0
S1,False,4124.0,1430.1675977653629,2715.97265382225,24.0,24.375,62.0,182.0,12.467176935557127,18.8563397601009,20.0,18.709677419354836,910.0,880.0,1023.0,586.0
S1,False,4120.0,1423.7855946398658,2787.5,23.875,24.375,62.0,183.0,12.40982342939578,19.21405823867357,20.0,19.032258064516128,910.0,881.0,1023.0,577.0
S1,False,4090.0,1423.7855946398658,2941.176470588236,23.8125,24.3125,62.0,183.0,12.396456544455646,19.962915985984704,20.0,19.032258064516128,910.0,881.0,1023.0,558.0
S1,False,4090.0,1417.4107142857142,2892.2495274102075,23.75,24.25,62.0,182.0,12.35276083679683,19.695503770744928,20.0,18.709677419354836,911.0,881.0,1023.0,564.0
S1,False,4105.0,1436.5567356064842,2723.8805970149256,23.625,24.1875,62.0,182.0,12.41722592576838,18.83325572114782,20.0,18.709677419354836,909.0,880.0,1023.0,585.0
S1,False,4115.0,1417.4107142857142,2739.72602739726,23.5625,24.125,61.0,182.0,12.313019324327527,18.89131384989141,19.67741935483871,18.709677419354836,910.0,882.0,1023.0,583.0
S1,False,4125.0,1430.1675977653629,2843.691148775895,23.5625,24.0625,62.0,181.0,12.373571286959852,19.388007398070453,20.0,18.38709677419355,910.0,880.0,1023.0,570.0
S1,False,4125.0,1436.5567356064842,2819.548872180452,23.4375,24.0,61.0,181.0,12.377351956744612,19.246461452894145,19.67741935483871,18.38709677419355,909.0,880.0,1023.0,573.0
S1,False,4125.0,1436.5567356064842,3540.701522170748,23.375,23.9375,61.0,180.0,12.364117480692858,22.846652947603456,19.67741935483871,18.06451612903226,907.0,882.0,1023.0,488.0
S1,False,4088.0,1442.9530201342282,2941.176470588236,23.25,23.9375,61.0,180.0,12.367939476542611,19.83082650605458,19.67741935483871,18.06451612903226,908.0,880.0,1023.0,558.0
S1,False,4111.0,1442.9530201342282,2851.758793969849,23.1875,23.875,62.0,180.0,12.354756188222568,19.364106966306675,20.0,18.06451612903226,909.0,879.0,1023.0,569.0
S1,False,4125.0,1442.9530201342282,2827.586206896552,23.125,23.8125,61.0,180.0,12.341600974753923,19.222895427529103,19.67741935483871,18.06451612903226,909.0,879.0,1023.0,572.0
S1,False,4107.0,1449.356463346391,2876.0226557583387,23.0625,23.75,61.0,180.0,12.35861911997089,19.4419198314827,19.67741935483871,18.06451612903226,908.0,879.0,1023.0,566.0
S1,False,4122.0,1449.356463346391,2908.5173501577287,22.9375,23.6875,61.0,177.0,12.332381965822536,19.581681125526416,19.67741935483871,17.09677419354838,908.0,879.0,1023.0,562.0
S1,False,4122.0,1462.18487394958,10297.619047619048,22.9375,23.625,61.0,179.0,12.392657125368045,62.94716459698349,19.67741935483871,17.74193548387096,901.0,884.0,653.0,355.0
S1,False,4121.0,1462.18487394958,10625.0,22.8125,23.5625,61.0,179.0,12.366398834011305,65.03931989459205,19.67741935483871,17.74193548387096,900.0,885.0,615.0,377.0
S1,False,4092.0,1468.609865470852,11290.322580645165,22.75,23.5,61.0,179.0,12.383408270417316,69.39880657034341,19.67741935483871,17.74193548387096,899.0,885.0,598.0,363.0
S1,False,4090.0,1475.0420639371844,10604.229607250754,22.6875,23.5,61.0,178.0,12.40041845462973,64.83090109718272,19.67741935483871,17.41935483870968,897.0,886.0,627.0,366.0
S1,False,4113.0,1468.609865470852,9522.90076335878,22.625,23.375,61.0,179.0,12.357250412241203,57.63378079259042,19.67741935483871,17.74193548387096,899.0,885.0,674.0,374.0
S1,False,4105.0,1449.356463346391,8566.243194192377,22.5,23.375,61.0,178.0,12.241422747501918,51.52210710449439,19.67741935483871,17.41935483870968,901.0,886.0,693.0,409.0
S1,False,4109.0,1468.609865470852,9050.279329608938,22.4375,23.3125,60.0,175.0,12.318220173242675,54.53970273015612,19.35483870967742,16.4516129032258,900.0,884.0,689.0,385.0
S1,False,4123.0,1487.9281302638967,9522.90076335878,22.375,23.1875,61.0,178.0,12.39519826039122,57.44525778153994,19.67741935483871,17.41935483870968,898.0,883.0,682.0,366.0
S1,False,4124.0,1481.4814814814813,9085.820895522387,22.3125,23.125,61.0,178.0,12.35218820639806,54.587670886873056,19.67741935483871,17.41935483870968,899.0,883.0,685.0,387.0
S1,False,4110.0,1462.18487394958,8702.01096892139,22.25,23.125,61.0,177.0,12.249600548039968,52.15446860087364,19.67741935483871,17.09677419354838,900.0,885.0,686.0,408.0
S1,False,4086.0,1494.38202247191,9597.701149425287,22.1875,23.0,60.0,175.0,12.386159867603816,57.73661800724058,19.35483870967742,16.4516129032258,898.0,882.0,673.0,371.0
S1,False,4125.0,1494.38202247191,9806.389157792835,22.0625,22.9375,61.0,177.0,12.360233519594145,59.01416123403661,19.67741935483871,17.09677419354838,898.0,882.0,670.0,363.0
S1,False,4116.0,1481.4814814814813,9338.374291115311,22.0625,22.875,61.0,177.0,12.30048674857158,55.95373406253465,19.67741935483871,17.09677419354838,899.0,883.0,673.0,385.0
S1,False,4086.0,1513.787281935847,9247.41298212606,21.9375,22.8125,67.0,174.0,12.424132464851448,55.3141556797649,21.61290322580645,16.129032258064502,896.0,881.0,674.0,389.0
S1,False,4125.0,1585.5039637599093,9864.077669902914,21.5625,22.8125,78.0,176.0,12.676576627384142,59.25537057558421,25.161290322580644,16.7741935483871,892.0,874.0,666.0,364.0
S1,False,4121.0,1598.6394557823132,10237.388724035609,21.125,22.75,79.0,174.0,12.64505886050486,61.59776039813351,25.48387096774193,16.129032258064502,892.0,872.0,661.0,350.0
S1,False,4091.0,1552.7950310559004,9032.558139534884,20.4375,22.6875,79.0,171.0,12.296166813648588,53.834479766785776,25.48387096774193,15.16129032258064,896.0,875.0,675.0,400.0
S1,False,4084.0,1592.0679886685552,9768.115942028984,19.6875,22.625,79.0,170.0,12.322606436228297,58.44528777301794,25.48387096774193,14.83870967741935,893.0,872.0,664.0,371.0
S1,False,4118.0,1644.8491747296528,10419.161676646703,18.875,22.5625,79.0,167.0,12.395662436219382,62.568953792775005,25.48387096774193,13.87096774193548,890.0,867.0,657.0,345.0
S1,False,4091.0,1638.2252559726962,9103.641456582633,18.125,22.4375,80.0,165.0,12.220506949917446,54.04466015972106,25.806451612903224,13.2258064516129,890.0,868.0,672.0,399.0
S1,False,4126.0,1826.5895953757224,10708.502024291498,17.5,22.25,80.0,164.0,12.914855322081834,64.09152455013638,25.806451612903224,12.9032258064516,879.0,851.0,652.0,336.0
S1,False,4124.0,1950.9345794392525,9578.947368421052,16.9375,21.875,80.0,162.0,13.336538859794478,56.48157021252303,25.806451612903224,12.25806451612903,870.0,842.0,665.0,380.0
S1,False,4106.0,2042.377869334903,8753.437213565538,16.5625,21.3125,80.0,160.0,13.650951300482356,50.82513779178447,25.806451612903224,11.61290322580645,863.0,836.0,671.0,420.0
S1,False,4074.0,2273.545290941812,10729.483282674772,16.3125,20.625,79.0,158.0,14.588268389767498,62.376740737249406,25.48387096774193,10.96774193548387,847.0,820.0,651.0,336.0
S1,False,4084.0,2273.545290941812,9448.669201520912,16.125,19.875,80.0,159.0,14.546203781398216,53.68907134614496,25.806451612903224,11.290322580645151,848.0,819.0,670.0,382.0
S1,False,4115.0,2332.730560578662,8997.214484679665,16.0625,19.1875,80.0,159.0,14.78555092354816,50.335477350882094,25.806451612903224,11.290322580645151,845.0,814.0,687.0,390.0
S1,False,4113.0,2430.133657351154,7007.481296758105,15.9375,18.5625,80.0,159.0,15.174053065159926,37.57570796008115,25.806451612903224,11.290322580645151,842.0,804.0,770.0,433.0
S1,False,4116.0,2392.4894003634163,2653.061224489796,15.875,17.875,80.0,159.0,14.998429099857908,16.62829689272239,25.806451612903224,11.290322580645151,850.0,801.0,1023.0,594.0
S1,False,4119.0,2355.0724637681155,2653.061224489796,15.8125,17.4375,80.0,159.0,14.82427538099104,16.513564050577894,25.806451612903224,11.290322580645151,851.0,805.0,1023.0,594.0
S1,False,4129.0,2490.842490842491,2771.535580524345,15.8125,17.0625,80.0,158.0,15.404776323315833,16.937163599299716,25.806451612903224,10.96774193548387,844.0,794.0,1023.0,579.0
S1,False,4090.0,2590.769230769231,3132.220795892169,15.6875,16.5625,81.0,159.0,15.802923046536916,18.38701654284259,26.12903225806452,11.290322580645151,837.0,788.0,1023.0,535.0
S1,False,4115.0,2529.0875688916103,2932.9962073324905,15.6875,16.375,81.0,158.0,15.538828912079587,17.46042657525769,26.12903225806452,10.96774193548387,840.0,793.0,1023.0,559.0
S1,False,4127.0,2575.291948371236,3090.21113243762,15.625,16.3125,80.0,158.0,15.721552215971368,18.131137394184016,25.806451612903224,10.96774193548387,837.0,790.0,1023.0,540.0
S1,False,4105.0,2400.0,2949.367088607595,15.625,16.25,81.0,159.0,14.973117278784787,17.49792842006892,26.12903225806452,11.290322580645151,848.0,802.0,1023.0,557.0
S1,False,4108.0,2513.761467889908,3251.295336787565,15.5625,16.1875,80.0,158.0,15.44369500699914,18.80187701575904,25.806451612903224,10.96774193548387,840.0,795.0,1023.0,521.0
S1,False,4126.0,2407.519708914493,3048.469387755102,15.625,16.0625,81.0,158.0,15.00515728147544,17.878680538058532,26.12903225806452,10.96774193548387,848.0,801.0,1023.0,545.0
S1,False,4127.0,2362.537764350453,3081.841432225064,15.625,16.125,80.0,158.0,14.813586653180776,18.041754834734668,25.806451612903224,10.96774193548387,850.0,805.0,1023.0,541.0
S1,False,4127.0,2317.880794701987,2998.7293519695045,15.5625,16.0625,80.0,158.0,14.609667725086192,17.66193182442544,25.806451612903224,10.96774193548387,852.0,809.0,1023.0,551.0
S1,False,4106.0,2340.1688781664657,3149.1002570694086,15.625,16.0,79.0,156.0,14.71840043869052,18.300254528737003,25.48387096774193,10.32258064516128,851.0,807.0,1023.0,533.0
S1,False,4125.0,2340.1688781664657,3294.346978557505,15.625,16.0625,80.0,158.0,14.71840043869052,18.954105294949475,25.806451612903224,10.96774193548387,850.0,808.0,1023.0,516.0
S1,False,4126.0,2244.165170556553,2974.0012682308184,15.6875,16.0625,80.0,158.0,14.324129855369993,17.554276415910326,25.806451612903224,10.96774193548387,857.0,814.0,1023.0,554.0
S1,False,4125.0,2273.545290941812,2974.0012682308184,15.6875,16.0625,81.0,159.0,14.44899010129296,17.554276415910326,26.12903225806452,11.290322580645151,855.0,812.0,1023.0,554.0
S1,False,4123.0,2244.165170556553,3123.7973059653623,15.6875,16.0,81.0,158.0,14.324129855369993,18.18979406941932,26.12903225806452,10.96774193548387,857.0,814.0,1023.0,536.0
S1,False,4127.0,2236.842105263158,3234.1526520051743,15.75,16.0,81.0,159.0,14.306675028712547,18.672066301876928,26.12903225806452,11.290322580645151,857.0,815.0,1023.0,523.0
S1,False,4124.0,2207.63723150358,3174.500965872505,15.75,16.0,81.0,157.0,14.182548271941522,18.411212242396804,26.12903225806452,10.64516129032258,859.0,817.0,1023.0,530.0
S1,True,4085.0,1047.516,2583.026,15.9375,15.9375,58.0,159.0,9.34954229700287,15.83043451211347,18.70967741935484,11.290322580645151,,,,
S1,True,4091.0,1047.516,2567.568,15.875,15.9375,59.0,159.0,9.340724164239658,15.763958463066862,19.032258064516128,11.290322580645151,,,,
S1,True,4091.0,1047.516,2567.568,15.875,15.9375,58.0,159.0,9.340724164239658,15.763958463066862,18.70967741935484,11.290322580645151,,,,
S1,True,4085.0,1047.516,2583.026,15.875,15.9375,59.0,159.0,9.340724164239658,15.83043451211347,19.032258064516128,11.290322580645151,,,,
S1,True,4089.0,1047.516,2567.568,15.8125,15.9375,59.0,159.0,9.331922649657807,15.763958463066862,19.032258064516128,11.290322580645151,,,,
S1,True,4090.0,1047.516,2567.568,15.8125,15.9375,58.0,159.0,9.331922649657807,15.763958463066862,18.70967741935484,11.290322580645151,,,,
S1,True,4077.0,1047.516,2567.568,15.8125,15.875,57.0,157.0,9.331922649657807,15.748809825625228,18.387096774193548,10.64516129032258,,,,
S1,True,4089.0,1047.516,2567.568,15.8125,15.875,58.0,159.0,9.331922649657807,15.748809825625228,18.70967741935484,11.290322580645151,,,,
S1,True,4078.0,1047.516,2583.026,15.75,15.875,58.0,159.0,9.323137706324935,15.81521907244853,18.70967741935484,11.290322580645151,,,,
S1,True,4079.0,1047.516,2583.026,15.75,15.875,58.0,159.0,9.323137706324935,15.81521907244853,18.70967741935484,11.290322580645151,,,,
S1,True,4078.0,1047.516,2583.026,15.75,15.875,58.0,159.0,9.323137706324935,15.81521907244853,18.70967741935484,11.290322580645151,,,,
S1,True,4087.0,1047.516,2583.026,15.75,15.875,58.0,159.0,9.323137706324935,15.81521907244853,18.70967741935484,11.290322580645151,,,,
S1,True,4086.0,1047.516,2583.026,15.75,15.875,57.0,158.0,9.323137706324935,15.81521907244853,18.387096774193548,10.96774193548387,,,,
S1,True,4076.0,1047.516,2583.026,15.75,15.9375,58.0,159.0,9.323137706324935,15.83043451211347,18.70967741935484,11.290322580645151,,,,
S1,True,4086.0,1047.516,2583.026,15.8125,15.875,58.0,159.0,9.331922649657807,15.81521907244853,18.70967741935484,11.290322580645151,,,,
S1,True,4085.0,1047.516,2583.026,15.8125,15.9375,58.0,159.0,9.331922649657807,15.83043451211347,18.70967741935484,11.290322580645151,,,,
S1,True,4085.0,1047.516,2583.026,15.875,16.0,57.0,158.0,9.340724164239658,15.84567925678486,18.387096774193548,10.96774193548387,,,,
S1,True,4074.0,1047.516,2583.026,15.9375,16.0,58.0,159.0,9.34954229700287,15.84567925678486,18.70967741935484,11.290322580645151,,,,
S1,True,4076.0,1047.516,2567.568,15.875,16.0,57.0,159.0,9.340724164239658,15.779136271241692,18.387096774193548,11.290322580645151,,,,
S1,True,4084.0,1047.516,2567.568,15.875,16.0,57.0,159.0,9.340724164239658,15.779136271241692,18.387096774193548,11.290322580645151,,,,
S1,True,4074.0,1047.516,2567.568,15.875,15.9375,57.0,159.0,9.340724164239658,15.763958463066862,18.387096774193548,11.290322580645151,,,,
S1,True,4082.0,1047.516,2567.568,15.8125,15.9375,57.0,159.0,9.331922649657807,15.763958463066862,18.387096774193548,11.290322580645151,,,,
S1,True,4074.0,1047.516,2567.568,15.75,15.9375,57.0,159.0,9.323137706324935,15.763958463066862,18.387096774193548,11.290322580645151,,,,
S1,True,4074.0,1047.516,2567.568,15.6875,15.875,57.0,159.0,9.314369287485226,15.748809825625228,18.387096774193548,11.290322580645151,,,,
S1,True,4083.0,1047.516,2567.568,15.625,15.8125,57.0,158.0,9.305617346558584,15.73369027490122,18.387096774193548,10.96774193548387,,,,
S1,True,4074.0,1059.459,2583.026,15.5,15.75,56.0,156.0,9.33729943431746,15.78487577078802,18.064516129032256,10.32258064516128,,,,
S1,True,4083.0,1059.459,2567.568,15.4375,15.6875,57.0,157.0,9.328549344050987,15.70353809915392,18.387096774193548,10.64516129032258,,,,
S1,True,4071.0,1059.459,2567.568,15.3125,15.5625,57.0,157.0,9.311098270339883,15.673501270119216,18.387096774193548,10.64516129032258,,,,
S1,True,4081.0,1059.459,2567.568,15.1875,15.5625,57.0,157.0,9.293712366746488,15.673501270119216,18.387096774193548,10.64516129032258,,,,
S1,True,4079.0,1059.459,2567.568,15.0625,15.4375,56.0,154.0,9.276391268889617,15.643579127174936,18.064516129032256,9.67741935483871,,,,
S1,True,4081.0,1059.459,2567.568,14.9375,15.3125,57.0,156.0,9.259134615099471,15.613771014734048,18.387096774193548,10.32258064516128,,,,
S1,True,4072.0,1059.459,2583.026,14.8125,15.25,57.0,156.0,9.2419420463925,15.664658038214135,18.387096774193548,10.32258064516128,,,,
S1,True,4080.0,1071.429,2583.026,14.6875,15.1875,57.0,154.0,9.273465618989066,15.649759452504416,18.387096774193548,9.67741935483871,,,,
S1,True,4070.0,1071.429,2583.026,14.5625,15.0,57.0,155.0,9.25630769437396,15.605233251316804,18.387096774193548,10.0,,,,
S1,True,4070.0,1071.429,2583.026,14.4375,14.9375,57.0,154.0,9.239213144273103,15.590447435146933,18.387096774193548,9.67741935483871,,,,
S1,True,4068.0,1071.429,2583.026,14.3125,14.8125,57.0,154.0,9.222181618213575,15.56095970037858,18.387096774193548,9.67741935483871,,,,
S1,True,4068.0,1071.429,2583.026,14.1875,14.75,57.0,154.0,9.20521276830194,15.546257623246358,18.387096774193548,9.67741935483871,,,,
S1,True,4069.0,1071.429,2583.026,14.125,14.6875,57.0,153.0,9.19675173888437,15.531583301091752,18.387096774193548,9.35483870967742,,,,
S1,True,4076.0,1071.429,2567.568,14.0625,14.5625,57.0,153.0,9.188306249200544,15.437280890261528,18.387096774193548,9.35483870967742,,,,
S1,True,4067.0,1168.122,2614.057,13.75,14.5,75.0,152.0,9.534286552977765,15.61822877278977,24.193548387096776,9.03225806451613,,,,
S1,True,4077.0,1107.492,2614.057,13.625,14.5,76.0,152.0,9.27394568915296,15.61822877278977,24.516129032258064,9.03225806451613,,,,
S1,True,4066.0,1119.565,2614.057,13.9375,14.4375,75.0,151.0,9.365039785018997,15.60353642772013,24.193548387096776,8.70967741935484,,,,
S1,True,4064.0,1155.943,2629.63,14.375,14.1875,75.0,152.0,9.57296541666313,15.610251816117144,24.193548387096776,9.03225806451613,,,,
S1,True,4065.0,1204.819,2629.63,14.3125,14.0,75.0,152.0,9.762204709630751,15.566477261923383,24.193548387096776,9.03225806451613,,,,
S1,True,4075.0,1229.418,2645.241,14.1875,14.0,75.0,151.0,9.843800129753689,15.631678789163391,24.193548387096776,8.70967741935484,,,,
S1,True,4071.0,1254.125,2660.891,14.0625,14.125,77.0,153.0,9.925579706114778,15.726479326440629,24.83870967741936,9.35483870967742,,,,
S1,True,4075.0,1266.52,2660.891,14.0,14.1875,77.0,154.0,9.966542426050434,15.741226410011151,24.83870967741936,9.67741935483871,,,,
S1,True,4073.0,1291.391,2676.58,13.9375,14.25,77.0,153.0,10.057840199542143,15.821835534728091,24.83870967741936,9.35483870967742,,,,
S1,True,4073.0,1291.391,2676.58,13.875,14.1875,76.0,153.0,10.048605295978303,15.80699621204122,24.516129032258064,9.35483870967742,,,,
S1,True,4069.0,1291.391,2676.58,13.8125,14.125,76.0,153.0,10.039387335457596,15.792184698916616,24.516129032258064,9.35483870967742,,,,
S1,True,4061.0,1316.372,2692.308,13.75,14.0625,77.0,153.0,10.130859026015806,15.843230174167775,24.83870967741936,9.35483870967742,,,,
S1,True,4062.0,1316.372,2692.308,13.625,14.0,77.0,152.0,10.11231773091864,15.828409660602407,24.83870967741936,9.03225806451613,,,,
S1,True,4071.0,1328.904,2692.308,13.5625,13.9375,76.0,150.0,10.15345586491416,15.81361684875482,24.516129032258064,8.38709677419355,,,,
S1,True,4051.0,1328.904,2692.308,13.5,13.875,76.0,152.0,10.144180140757374,15.79885166102966,24.516129032258064,9.03225806451613,,,,
S1,True,4059.0,1316.372,2692.308,13.4375,13.8125,76.0,152.0,10.084632692037514,15.784114020121104,24.516129032258064,9.03225806451613,,,,
S1,True,4070.0,1328.904,2692.308,13.4375,13.6875,77.0,152.0,10.134921348870792,15.754721070970104,24.83870967741936,9.03225806451613,,,,
S1,True,4060.0,1328.904,2692.308,13.375,13.6875,77.0,152.0,10.125679442933446,15.754721070970104,24.83870967741936,9.03225806451613,,,,
S1,True,4069.0,1316.372,2692.308,13.3125,13.5625,77.0,152.0,10.066260062495784,15.725437388594838,24.83870967741936,9.03225806451613,,,,
S1,True,4069.0,1303.867,2676.58,13.1875,13.5,77.0,151.0,9.99797657687956,15.645582054847605,24.83870967741936,8.70967741935484,,,,
S1,True,4068.0,1291.391,2676.58,13.125,13.4375,77.0,151.0,9.939094808343691,15.631071355827263,24.83870967741936,8.70967741935484,,,,
S1,True,4058.0,1291.391,2676.58,13.0625,13.375,77.0,150.0,9.93007657897767,15.616587548140124,24.83870967741936,8.38709677419355,,,,
S1,True,4066.0,1291.391,2676.58,12.9375,13.25,76.0,150.0,9.912089127409672,15.58770030830724,24.516129032258064,8.38709677419355,,,,
S1,True,4058.0,1291.391,2676.58,12.875,13.25,77.0,151.0,9.9031198165159,15.58770030830724,24.83870967741936,8.70967741935484,,,,
S1,True,4066.0,1291.391,2676.58,12.8125,13.125,77.0,150.0,9.894166723355022,15.558919741187903,24.83870967741936,8.38709677419355,,,,
S1,True,4066.0,1291.391,2676.58,12.75,13.0625,77.0,150.0,9.885229803980977,15.544569275419262,24.83870967741936,8.38709677419355,,,,
S1,True,4064.0,1278.942,2676.58,12.625,13.0,77.0,149.0,9.818094752042128,15.53024525700112,24.83870967741936,8.06451612903226,,,,
S1,True,4065.0,1278.942,2676.58,12.5,12.9375,78.0,149.0,9.800424747126536,15.515947612888622,25.161290322580644,8.06451612903226,,,,
S1,True,4055.0,1291.391,2676.58,12.5,12.8125,78.0,149.0,9.849642990968968,15.487431156743662,25.161290322580644,8.06451612903226,,,,
S1,True,4053.0,1278.942,2676.58,12.4375,12.8125,77.0,146.0,9.791613574268744,15.487431156743662,24.83870967741936,7.09677419354839,,,,
S1,True,4063.0,1278.942,2676.58,12.3125,12.75,78.0,149.0,9.774038673895223,15.473212199960276,25.161290322580644,8.06451612903226,,,,
S1,True,4045.0,1278.942,2676.58,12.3125,12.625,78.0,148.0,9.774038673895223,15.44485246908418,25.161290322580644,7.74193548387097,,,,
S1,True,4050.0,1278.942,2676.58,12.25,12.5625,77.0,148.0,9.765274861296536,15.43071155182727,24.83870967741936,7.74193548387097,,,,
S1,True,4055.0,1266.52,2660.891,12.1875,12.5,78.0,148.0,9.707655653358136,15.352523171772598,25.161290322580644,7.74193548387097,,,,
S1,True,4061.0,1266.52,2660.891,12.125,12.5,78.0,148.0,9.698968192138764,15.352523171772598,25.161290322580644,7.74193548387097,,,,
S1,True,4021.0,1611.805,1254.125,11.625,11.875,64.0,145.0,10.982454914148146,9.615845926548008,20.64516129032258,6.7741935483871,,,,
S1,True,4030.0,1799.308,2583.026,11.75,11.875,63.0,144.0,11.742393315166716,14.898742716381934,20.32258064516129,6.45161290322581,,,,
S1,True,4030.0,1799.308,2583.026,11.875,11.9375,64.0,147.0,11.763464455382778,14.912245058601192,20.64516129032258,7.41935483870968,,,,
S1,True,4029.0,1785.714,2598.522,12.0,12.0,63.0,148.0,11.730630818942029,14.988462238821825,20.32258064516129,7.74193548387097,,,,
S1,True,4028.0,1785.714,2583.026,12.25,12.125,63.0,149.0,11.772952044007788,14.952899327434318,20.32258064516129,8.06451612903226,,,,
S1,True,4018.0,1772.152,2583.026,12.4375,12.3125,63.0,149.0,11.750704883717242,14.993775868329353,20.32258064516129,8.06451612903226,,,,
S1,True,4016.0,1758.621,2583.026,12.625,12.4375,63.0,150.0,11.728467937777513,15.021151281896069,20.32258064516129,8.38709677419355,,,,
S1,True,4027.0,1758.621,2583.026,12.8125,12.625,62.0,150.0,11.760452536687495,15.062402348059196,20.0,8.38709677419355,,,,
S1,True,4026.0,1745.12,2583.026,13.0,12.6875,62.0,151.0,11.738243426701349,15.076203097855428,20.0,8.70967741935484,,,,
S1,True,4016.0,1745.12,2583.026,13.125,12.875,61.0,148.0,11.759678290044471,15.117757502781323,19.67741935483871,7.74193548387097,,,,
S1,True,4024.0,1731.651,2583.026,13.375,13.125,62.0,152.0,11.748252805198836,15.173521024734502,20.0,9.03225806451613,,,,
S1,True,4024.0,1718.213,2583.026,13.5,13.1875,62.0,153.0,11.715329319252376,15.187526242652748,20.0,9.35483870967742,,,,
S1,True,4024.0,1718.213,2583.026,13.625,13.3125,61.0,153.0,11.73687286003669,15.215614383150749,19.67741935483871,9.35483870967742,,,,
S1,True,4013.0,1718.213,2583.026,13.75,13.4375,61.0,153.0,11.758495780443363,15.243806609780606,19.67741935483871,9.35483870967742,,,,
S1,True,4023.0,1704.806,2583.026,13.875,13.5625,61.0,154.0,11.72553892428254,15.272103502183784,19.67741935483871,9.67741935483871,,,,
S1,True,4022.0,1704.806,2583.026,14.0,13.6875,60.0,152.0,11.747217380873524,15.30050564431366,19.35483870967742,9.03225806451613,,,,
S1,True,4017.0,1704.806,2583.026,14.125,13.8125,61.0,155.0,11.768976145236712,15.329013624475722,19.67741935483871,10.0,,,,
S1,True,4022.0,1691.429,2583.026,14.3125,13.9375,61.0,155.0,11.74687936665644,15.357628035368167,19.67741935483871,10.0,,,,
S1,True,4021.0,1691.429,2583.026,14.375,14.125,60.0,155.0,11.75779713262368,15.400750516775132,19.35483870967742,10.0,,,,
S1,True,4009.0,1678.082,2567.568,14.4375,14.125,60.0,156.0,11.713884033173738,15.336158810146838,19.35483870967742,10.32258064516128,,,,
S1,True,4004.0,1678.082,2567.568,14.5625,14.25,60.0,155.0,11.735715604227824,15.364915395614664,19.35483870967742,10.0,,,,
S1,True,4019.0,1678.082,2567.568,14.5625,14.3125,60.0,155.0,11.735715604227824,15.37933416705829,19.35483870967742,10.0,,,,
S1,True,4007.0,1678.082,2567.568,14.625,14.375,60.0,156.0,11.746661934409303,15.393780025699812,19.35483870967742,10.32258064516128,,,,
S1,True,4004.0,1664.766,2567.568,14.875,14.5625,60.0,157.0,11.735575144902658,15.437280890261528,19.35483870967742,10.64516129032258,,,,
S1,True,4016.0,1651.481,2567.568,15.0,14.6875,60.0,158.0,11.702549463827149,15.466418311006734,19.35483870967742,10.96774193548387,,,,
S1,True,4014.0,1651.481,2567.568,15.1875,14.8125,59.0,158.0,11.735562192491658,15.495665931827553,19.032258064516128,10.96774193548387,,,,
S1,True,4080.0,1442.953,1254.125,15.375,15.0,59.0,157.0,10.902147924106304,10.06451647861564,19.032258064516128,10.64516129032258,,,,
S1,True,4052.0,1638.225,2552.147,15.5625,15.125,59.0,159.0,11.74676634937577,15.503835157570888,19.032258064516128,11.290322580645151,,,,
S1,True,4096.0,1625.0,2552.147,15.8125,15.3125,59.0,161.0,11.735909049815518,15.548139500633352,19.032258064516128,11.93548387096774,,,,
S1,True,4116.0,1611.805,2552.147,16.0625,15.5625,58.0,159.0,11.725098785369052,15.607607349145502,18.70967741935484,11.290322580645151,,,,
S1,True,4083.0,1611.805,2567.568,16.25,15.75,58.0,161.0,11.75869599744594,15.718599727201603,18.70967741935484,11.93548387096774,,,,
S1,True,4120.0,1611.805,2567.568,16.4375,15.875,59.0,162.0,11.792486302369328,15.748809825625228,19.032258064516128,12.25806451612903,,,,
S1,True,4096.0,1611.805,2552.147,16.625,16.125,58.0,163.0,11.826471369576826,15.743087674234893,18.70967741935484,12.58064516129032,,,,
S1,True,4126.0,1585.504,2536.765,16.75,16.25,58.0,163.0,11.73739997767375,15.707082046010534,18.70967741935484,12.58064516129032,,,,
S1,True,4125.0,1598.64,2552.147,16.8125,16.3125,58.0,163.0,11.804607713350135,15.788771976603194,18.70967741935484,12.58064516129032,,,,
S1,True,4109.0,1611.805,2552.147,16.8125,16.4375,58.0,163.0,11.86065288780644,15.819375763297936,18.70967741935484,12.58064516129032,,,,
S1,True,4095.0,1611.805,2567.568,16.875,16.5,58.0,163.0,11.87209067769439,15.901619072508757,18.70967741935484,12.58064516129032,,,,
S1,True,4099.0,1598.64,2552.147,17.0,16.5625,58.0,164.0,11.838819312531738,15.850098420631545,18.70967741935484,12.9032258064516,,,,
S1,True,4117.0,1598.64,2552.147,17.0,16.625,57.0,163.0,11.838819312531738,15.865504542427216,18.387096774193548,12.58064516129032,,,,
S1,True,4127.0,1572.398,2536.765,17.125,16.6875,57.0,164.0,11.749517525350925,15.814035117805808,18.387096774193548,12.9032258064516,,,,
S1,True,4128.0,1611.805,2567.568,17.1875,16.6875,57.0,164.0,11.929612130469271,15.94804178536398,18.387096774193548,12.9032258064516,,,,
S1,True,4097.0,1598.64,2552.147,17.1875,16.875,57.0,163.0,11.873229789220476,15.927429690192795,18.387096774193548,12.58064516129032,,,,
S1,True,4097.0,1585.504,2552.147,17.25,16.9375,56.0,162.0,11.828448397571348,15.942986582778897,18.064516129032256,12.25806451612903,,,,
S1,True,4127.0,1572.398,2536.765,17.25,17.0,57.0,164.0,11.77229938811016,15.891326283844313,18.387096774193548,12.9032258064516,,,,
S1,True,4130.0,1585.504,2552.147,17.3125,17.0625,56.0,161.0,11.839928866169751,15.97419171625156,18.064516129032256,11.93548387096774,,,,
S1,True,4131.0,1585.504,2536.765,17.25,17.125,57.0,164.0,11.828448397571348,15.922454710754252,18.387096774193548,12.9032258064516,,,,
S1,True,4131.0,1598.64,2552.147,17.25,17.125,56.0,164.0,11.88474444314038,15.98984013610888,18.064516129032256,12.9032258064516,,,,
S1,True,4132.0,1611.805,2567.568,17.25,17.125,57.0,163.0,11.941183373212036,16.057422762206674,18.387096774193548,12.58064516129032,,,,
S1,True,4132.0,1585.504,2536.765,17.1875,17.125,57.0,163.0,11.816990171249037,15.922454710754252,18.387096774193548,12.58064516129032,,,,
S1,True,4129.0,1611.805,2552.147,17.125,17.125,56.0,162.0,11.918063291542689,15.98984013610888,18.064516129032256,12.25806451612903,,,,
S1,True,4097.0,1611.805,2552.147,17.0625,17.125,57.0,162.0,11.906536791429035,15.98984013610888,18.387096774193548,12.25806451612903,,,,
S1,True,4122.0,1611.805,2536.765,17.0,17.125,56.0,162.0,11.8950325653763,15.922454710754252,18.064516129032256,12.25806451612903,,,,
S1,True,4132.0,1625.0,2567.568,16.875,17.0625,56.0,162.0,11.928338083292015,16.04170513724011,18.064516129032256,12.25806451612903,,,,
S1,True,4094.0,1611.805,2567.568,16.8125,17.0,56.0,159.0,11.86065288780644,16.026018252219654,18.064516129032256,11.290322580645151,,,,
S1,True,4133.0,1611.805,2567.568,16.6875,16.875,55.0,159.0,11.837843297139557,15.994736342000884,17.741935483870964,11.290322580645151,,,,
S1,True,4135.0,1611.805,2536.765,16.5625,16.875,56.0,161.0,11.815121269744292,15.86031933170948,18.064516129032256,11.93548387096774,,,,
S1,True,4134.0,1638.225,2567.568,16.5,16.8125,56.0,161.0,11.915763617344208,15.979141137672062,18.064516129032256,11.93548387096774,,,,
S1,True,4134.0,1611.805,2536.765,16.375,16.75,56.0,160.0,11.781201309976906,15.829433144674391,18.064516129032256,11.61290322580645,,,,
S1,True,4100.0,1625.0,2552.147,16.25,16.6875,56.0,159.0,11.81438760381172,15.880940642524244,18.064516129032256,11.290322580645151,,,,
S1,True,4101.0,1611.805,2536.765,16.125,16.5625,56.0,159.0,11.736276503566405,15.783328759833486,18.064516129032256,11.290322580645151,,,,
S1,True,4103.0,1611.805,2552.147,16.0625,16.5625,57.0,159.0,11.725098785369052,15.850098420631545,18.387096774193548,11.290322580645151,,,,
S1,True,4132.0,1625.0,2552.147,15.9375,16.4375,56.0,159.0,11.758224903015511,15.819375763297936,18.064516129032256,11.290322580645151,,,,
S1,True,4132.0,1638.225,2567.568,15.8125,16.375,56.0,159.0,11.791361794376073,15.870820451565583,18.064516129032256,11.290322580645151,,,,
S1,True,4124.0,1651.481,2567.568,15.75,16.3125,56.0,158.0,11.835727458274516,15.855465836417704,18.064516129032256,10.96774193548387,,,,
S1,True,4126.0,1651.481,2583.026,15.6875,16.25,56.0,158.0,11.82451362679987,15.906952985329868,18.064516129032256,10.96774193548387,,,,
S1,True,4100.0,1664.766,2567.568,15.5625,16.125,57.0,158.0,11.857672000427227,15.809579737474143,18.387096774193548,10.96774193548387,,,,
S1,True,4110.0,1664.766,2567.568,15.5,16.0625,56.0,158.0,11.846467402433897,15.79434333448916,18.064516129032256,10.96774193548387,,,,
S1,True,4109.0,1731.651,2598.522,15.125,16.0,73.0,154.0,12.057585432155452,15.9124115257652,23.5483870967742,9.67741935483871,,,,
S1,True,4105.0,1691.429,2583.026,14.75,16.0,75.0,156.0,11.823732299612557,15.84567925678486,24.193548387096776,10.32258064516128,,,,
S1,True,4104.0,1745.12,2614.057,14.5625,15.875,75.0,155.0,12.011926512379922,15.948608630865994,24.193548387096776,10.0,,,,
S1,True,4134.0,1853.998,2598.522,14.6875,15.6875,75.0,153.0,12.484797325672082,15.836145595357245,24.193548387096776,9.35483870967742,,,,
S1,True,4132.0,1895.349,2629.63,14.5,15.3125,76.0,155.0,12.620734266594132,15.878158013556568,24.516129032258064,10.0,,,,
S1,True,4135.0,2035.294,2692.308,14.3125,15.0,76.0,154.0,13.163392843661414,16.06891575057944,24.516129032258064,9.67741935483871,,,,
S1,True,4136.0,2092.199,2676.58,14.125,14.8125,76.0,154.0,13.361538796341607,15.956653902351556,24.516129032258064,9.67741935483871,,,,
S1,True,4105.0,2077.922,2629.63,14.0,14.625,76.0,154.0,13.2778788843578,15.713356199910503,24.516129032258064,9.67741935483871,,,,
S1,True,4134.0,2106.509,2660.891,13.875,14.5,75.0,151.0,13.370879367072526,15.815378642593084,24.193548387096776,8.70967741935484,,,,
S1,True,4105.0,2193.087,2708.074,13.8125,14.3125,76.0,153.0,13.714843278598432,15.96906389013321,24.516129032258064,9.35483870967742,,,,
S1,True,4078.0,2164.09,2676.58,13.75,14.125,75.0,151.0,13.582820972998768,15.792184698916616,24.193548387096776,8.70967741935484,,,,
S1,True,4136.0,2092.199,2645.241,13.625,14.0625,76.0,152.0,13.262816936745816,15.646306767791373,24.516129032258064,9.03225806451613,,,,
S1,True,4131.0,2135.231,2676.58,13.5,13.9375,76.0,152.0,13.414480230033648,15.747916237362144,24.516129032258064,9.03225806451613,,,,
S1,True,4137.0,2135.231,2708.074,13.4375,13.8125,76.0,152.0,13.402119003022364,15.849869875750382,24.516129032258064,9.03225806451613,,,,
S1,True,4107.0,2049.47,2660.891,13.375,13.8125,76.0,152.0,13.039637188176563,15.653156447947,24.516129032258064,9.03225806451613,,,,
S1,True,4136.0,2077.922,2676.58,13.3125,13.6875,76.0,151.0,13.143629063486344,15.689276250915444,24.516129032258064,8.70967741935484,,,,
S1,True,4106.0,2077.922,2692.308,13.25,13.5625,77.0,151.0,13.13155902605201,15.725437388594838,24.83870967741936,8.70967741935484,,,,
S1,True,4137.0,2077.922,2676.58,13.125,13.5,77.0,151.0,13.107485334092456,15.645582054847605,24.83870967741936,8.70967741935484,,,,
S1,True,4106.0,2063.679,2660.891,13.0625,13.375,77.0,150.0,13.037636565232065,15.551645616593538,24.83870967741936,8.38709677419355,,,,
S1,True,4137.0,2035.294,2676.58,13.0,13.3125,77.0,150.0,12.91059739630374,15.602130557102557,24.83870967741936,8.38709677419355,,,,
S1,True,4137.0,2106.509,2692.308,12.9375,13.25,77.0,151.0,13.187478364013987,15.652702244826296,24.83870967741936,8.70967741935484,,,,
S1,True,4107.0,2021.151,2660.891,12.875,13.1875,76.0,150.0,12.829809101723772,15.508542897402648,24.516129032258064,8.38709677419355,,,,
S1,True,4134.0,2021.151,2629.63,12.8125,13.0625,76.0,149.0,12.818110335369608,15.351236173018211,24.516129032258064,8.06451612903226,,,,
S1,True,4108.0,2021.151,2676.58,12.75,13.0625,77.0,150.0,12.80643288444594,15.544569275419262,24.83870967741936,8.38709677419355,,,,
S1,True,4111.0,2035.294,2676.58,12.6875,13.0,77.0,150.0,12.85183260800945,15.53024525700112,24.83870967741936,8.38709677419355,,,,
S1,True,4137.0,2077.922,2708.074,12.5625,12.875,77.0,149.0,13.00023708877374,15.6311107889989,24.83870967741936,8.06451612903226,,,,
S1,True,4136.0,2035.294,2676.58,12.5625,12.875,76.0,147.0,12.828476208135184,15.501676270305673,24.516129032258064,7.41935483870968,,,,
S1,True,4104.0,2021.151,2645.241,12.5,12.8125,77.0,149.0,12.75993507416991,15.358853345144569,24.83870967741936,8.06451612903226,,,,
S1,True,4134.0,1992.966,2660.891,12.4375,12.75,77.0,146.0,12.635142997311522,15.408893071433052,24.83870967741936,7.09677419354839,,,,
S1,True,4138.0,2049.47,2676.58,12.375,12.625,78.0,148.0,12.85053952965434,15.44485246908418,25.161290322580644,7.74193548387097,,,,
S1,True,4135.0,2035.294,2676.58,12.25,12.625,77.0,148.0,12.770454939642953,15.44485246908418,24.83870967741936,7.74193548387097,,,,
S1,True,4102.0,1964.912,2645.241,12.1875,12.5625,77.0,148.0,12.477291266354404,15.302625480828354,24.83870967741936,7.74193548387097,,,,
S1,True,4137.0,2007.042,2676.58,12.125,12.4375,77.0,146.0,12.634397531605408,15.4025072577278,24.83870967741936,7.09677419354839,,,,
S1,True,4113.0,1992.966,2660.891,12.0,12.375,77.0,147.0,12.555465128497824,15.324492601818374,24.83870967741936,7.41935483870968,,,,
S1,True,4106.0,2035.294,2676.58,11.9375,12.3125,75.0,147.0,12.712956150994998,15.374405879280834,24.193548387096776,7.41935483870968,,,,
S1,True,4134.0,1992.966,2660.891,11.8125,12.25,74.0,147.0,12.521624265446174,15.296564201508389,23.870967741935484,7.41935483870968,,,,
S1,True,4103.0,1950.935,2629.63,11.75,12.1875,73.0,144.0,12.34340874481963,15.15564642806016,23.5483870967742,6.45161290322581,,,,
S1,True,4107.0,1950.935,2645.241,11.6875,12.0625,73.0,146.0,12.332344257481148,15.191395856351871,23.5483870967742,7.09677419354839,,,,
S1,True,4126.0,1992.966,2676.58,11.5625,12.0625,73.0,146.0,12.476785867976844,15.31850962434077,23.5483870967742,7.09677419354839,,,,
S1,True,4133.0,1758.621,1651.481,10.75,10.5625,62.0,143.0,11.417937248475702,10.972077607832093,20.0,6.129032258064511,,,,
S1,True,4125.0,1909.197,2598.522,11.0,10.6875,62.0,144.0,12.04810706037476,14.708233945094351,20.0,6.45161290322581,,,,
S1,True,4035.0,1678.082,1704.806,11.0625,10.75,62.0,145.0,11.153666333893083,11.208434423642563,20.0,6.7741935483871,,,,
S1,True,4103.0,1895.349,2598.522,11.25,10.9375,62.0,146.0,12.036496313568216,14.760800013656784,20.0,7.09677419354839,,,,
S1,True,4064.0,1895.349,2614.057,11.5,11.125,61.0,147.0,12.079510441717296,14.86252028377112,19.67741935483871,7.41935483870968,,,,
S1,True,4118.0,1678.082,1354.051,11.5625,11.1875,62.0,147.0,11.233256204161288,9.910153102397189,20.0,7.41935483870968,,,,
S1,True,4113.0,1895.349,2598.522,11.625,11.25,60.0,145.0,12.101132999978846,14.827038346314502,19.35483870967742,6.7741935483871,,,,
S1,True,4094.0,1881.533,2583.026,11.6875,11.25,61.0,148.0,12.057243747104543,14.765052058140515,19.67741935483871,7.74193548387097,,,,
S1,True,4041.0,1853.998,2567.568,11.75,11.3125,61.0,148.0,11.958928832857971,14.716443084106825,19.67741935483871,7.74193548387097,,,,
S1,True,4084.0,1853.998,2583.026,11.8125,11.375,60.0,146.0,11.96965586200793,14.791597901606002,19.35483870967742,7.09677419354839,,,,
S1,True,4080.0,1840.278,2567.568,12.0,11.4375,61.0,149.0,11.947402653519529,14.742920581126883,19.67741935483871,8.06451612903226,,,,
S1,True,4072.0,1826.59,2583.026,12.125,11.625,61.0,149.0,11.91442220587786,14.844976979933165,19.67741935483871,8.06451612903226,,,,
S1,True,4115.0,1853.998,2598.522,12.25,11.6875,61.0,150.0,12.04528730432798,14.920777056313602,19.67741935483871,8.38709677419355,,,,
S1,True,4116.0,1840.278,2583.026,12.3125,11.6875,60.0,150.0,12.00136474987171,14.858382001181234,19.35483870967742,8.38709677419355,,,,
S1,True,4115.0,1840.278,2583.026,12.375,11.8125,61.0,150.0,12.012215716574673,14.885264803524972,19.67741935483871,8.38709677419355,,,,
S1,True,4098.0,1826.59,2583.026,12.5,11.8125,61.0,151.0,11.979163069927887,14.885264803524972,19.67741935483871,8.70967741935484,,,,
S1,True,4084.0,1867.75,2598.522,12.625,11.875,67.0,152.0,12.166087923308517,14.96131460955055,21.61290322580645,9.03225806451613,,,,
S1,True,4116.0,1840.278,2598.522,13.0,11.9375,71.0,152.0,12.121814422572006,14.974876120358704,22.90322580645161,9.03225806451613,,,,
S1,True,4116.0,1812.933,2598.522,13.375,11.9375,76.0,153.0,12.077597589041364,14.974876120358704,24.516129032258064,9.35483870967742,,,,
S1,True,4115.0,1812.933,2614.057,13.75,12.0,76.0,155.0,12.144424862820738,15.051333229363848,24.516129032258064,10.0,,,,
S1,True,4115.0,1772.152,2598.522,14.125,12.0,76.0,157.0,12.044772441311572,14.988462238821825,24.516129032258064,10.64516129032258,,,,
S1,True,4111.0,1772.152,2629.63,14.625,12.125,76.0,159.0,12.134751261991404,15.141866273209589,24.516129032258064,11.290322580645151,,,,
S1,True,4115.0,1758.621,2629.63,15.0625,12.1875,75.0,159.0,12.158335168069865,15.15564642806016,24.193548387096776,11.290322580645151,,,,
S1,True,4115.0,1731.651,2614.057,15.5,12.1875,75.0,161.0,12.12600231958902,15.09241899455527,24.193548387096776,11.93548387096774,,,,
S1,True,4110.0,1678.082,2583.026,15.9375,12.3125,75.0,163.0,11.981346148221158,14.993775868329353,24.193548387096776,12.58064516129032,,,,
S1,True,4115.0,1691.429,2614.057,16.375,12.3125,75.0,164.0,12.118209518126244,15.119934345421944,24.193548387096776,12.9032258064516,,,,
S1,True,4082.0,1678.082,2614.057,16.75,12.4375,76.0,165.0,12.13138504153417,15.147550207324228,24.516129032258064,13.2258064516129,,,,
S1,True,4077.0,1638.225,2629.63,17.0625,12.5,74.0,163.0,12.01951636259336,15.224925149176322,23.870967741935484,12.58064516129032,,,,
S1,True,4056.0,1664.766,2629.63,17.4375,12.5,75.0,166.0,12.203953438329446,15.224925149176322,24.193548387096776,13.548387096774182,,,,
S1,True,4087.0,1611.805,2598.522,17.6875,12.625,75.0,168.0,12.022814892861271,15.125691714254431,24.193548387096776,14.19354838709677,,,,
S1,True,4070.0,1625.0,2614.057,18.0,12.75,75.0,168.0,12.139086071631572,15.217033228646343,24.193548387096776,14.19354838709677,,,,
S1,True,4112.0,1611.805,2629.63,18.25,12.75,75.0,169.0,12.12942421168813,15.280805823887407,24.193548387096776,14.516129032258052,,,,
S1,True,4089.0,1572.398,2598.522,18.4375,12.8125,75.0,170.0,11.99321604387561,15.167351913552412,24.193548387096776,14.83870967741935,,,,
S1,True,4070.0,1559.322,2614.057,18.6875,12.9375,75.0,171.0,11.98346142585846,15.259029861079208,24.193548387096776,15.16129032258064,,,,
S1,True,4113.0,1559.322,2598.522,18.9375,13.0625,75.0,171.0,12.03117346047649,15.22325714097946,24.193548387096776,15.16129032258064,,,,
S1,True,4098.0,1572.398,2629.63,19.125,13.1875,75.0,172.0,12.124946463663225,15.37959043486278,24.193548387096776,15.48387096774193,,,,
S1,True,4105.0,1520.27,2598.522,19.3125,13.25,75.0,172.0,11.930598808570444,15.26545726588052,24.193548387096776,15.48387096774193,,,,
S1,True,4101.0,1520.27,2583.026,19.5,13.375,74.0,173.0,11.966528804601946,15.229697449572194,23.870967741935484,15.80645161290322,,,,
S1,True,4108.0,1546.275,2614.057,19.625,13.4375,74.0,173.0,12.106290741857022,15.372162568157798,23.870967741935484,15.80645161290322,,,,
S1,True,4067.0,1507.312,2583.026,19.8125,13.625,74.0,173.0,11.96909807043384,15.28629138036627,23.870967741935484,15.80645161290322,,,,
S1,True,4114.0,1533.258,2614.057,19.9375,13.6875,73.0,171.0,12.109285157118869,15.429360349429407,23.5483870967742,15.16129032258064,,,,
S1,True,4066.0,1494.382,2583.026,20.0625,13.8125,74.0,174.0,11.959694485544697,15.329013624475722,23.870967741935484,16.129032258064502,,,,
S1,True,4087.0,1507.312,2598.522,20.25,14.0,74.0,174.0,12.054216316965428,15.43662364368824,23.870967741935484,16.129032258064502,,,,
S1,True,4108.0,1481.481,2583.026,20.3125,14.125,73.0,173.0,11.950347946323236,15.400750516775132,23.5483870967742,15.80645161290322,,,,
S1,True,4102.0,1494.382,2598.522,20.5,14.25,75.0,175.0,12.04507833912242,15.494535294284836,24.193548387096776,16.4516129032258,,,,
S1,True,4063.0,1481.481,2598.522,20.625,14.375,74.0,175.0,12.01140290839102,15.52365437073092,23.870967741935484,16.4516129032258,,,,
S1,True,4077.0,1494.382,2614.057,20.6875,14.5625,74.0,176.0,12.082045777504709,15.63294881266507,23.870967741935484,16.7741935483871,,,,
S1,True,4095.0,1481.481,2598.522,20.8125,14.6875,74.0,176.0,12.048336262136136,15.596933155841851,23.870967741935484,16.7741935483871,,,,
S1,True,4056.0,1507.312,2614.057,20.875,14.8125,74.0,176.0,12.177935450764837,15.692107492275705,23.870967741935484,16.7741935483871,,,,
S1,True,4114.0,1468.61,2598.522,21.0,15.0,75.0,177.0,12.026986338814895,15.670907041252134,24.193548387096776,17.09677419354838,,,,
S1,True,4059.0,1468.61,2598.522,21.0625,15.125,75.0,177.0,12.03936205718175,15.700693443130485,24.193548387096776,17.09677419354838,,,,
S1,True,4076.0,1468.61,2598.522,21.1875,15.3125,75.0,177.0,12.064190058858408,15.74558596435882,24.193548387096776,17.09677419354838,,,,
S1,True,4114.0,1468.61,2598.522,21.25,15.4375,75.0,177.0,12.076642500226146,15.775657206268768,24.193548387096776,17.09677419354838,,,,
S1,True,4114.0,1430.168,2567.568,21.3125,15.625,74.0,177.0,11.913550145438377,15.688505307704952,23.870967741935484,17.09677419354838,,,,
S1,True,4102.0,1468.61,2598.522,21.4375,15.75,74.0,175.0,12.11415454166793,15.85134024023778,23.870967741935484,16.4516129032258,,,,
S1,True,4046.0,1455.767,2598.522,21.5,15.875,75.0,178.0,12.067845510995996,15.88181717296712,24.193548387096776,17.41935483870968,,,,
S1,True,4060.0,1455.767,2598.522,21.5625,16.0,74.0,177.0,12.0803641885601,15.9124115257652,23.870967741935484,17.09677419354838,,,,
S1,True,4109.0,1442.953,2598.522,21.625,16.25,74.0,178.0,12.034070853030377,15.973955216408289,23.870967741935484,17.41935483870968,,,,
S1,True,4078.0,1417.411,2567.568,21.75,16.375,74.0,179.0,11.941638531818,15.870820451565583,23.870967741935484,17.74193548387096,,,,
S1,True,4069.0,1442.953,2583.026,21.75,16.5625,74.0,179.0,12.059111762769923,15.98421477553855,23.870967741935484,17.74193548387096,,,,
S1,True,4107.0,1442.953,2598.522,21.8125,16.6875,75.0,179.0,12.071671337832589,16.08280999890765,24.193548387096776,17.74193548387096,,,,
S1,True,4107.0,1455.767,2598.522,21.9375,16.75,74.0,179.0,12.156025096802262,16.09848190915199,23.870967741935484,17.74193548387096,,,,
S1,True,4068.0,1442.953,2583.026,22.0,16.9375,74.0,179.0,12.109507524706158,16.077925441833223,23.870967741935484,17.74193548387096,,,,
S1,True,4113.0,1442.953,2583.026,22.0625,17.125,74.0,179.0,12.12217234869678,16.1251940345771,23.870967741935484,17.74193548387096,,,,
S1,True,4077.0,1430.168,2567.568,22.125,17.25,74.0,179.0,12.075670130420496,16.088950594114863,23.870967741935484,17.74193548387096,,,,
S1,True,4112.0,1430.168,2598.522,22.125,17.375,74.0,180.0,12.075670130420496,16.256897408090513,23.870967741935484,18.06451612903226,,,,
S1,True,4072.0,1442.953,2598.522,22.25,17.4375,75.0,180.0,12.160326268220263,16.272910602793413,24.193548387096776,18.06451612903226,,,,
S1,True,4111.0,1430.168,2583.026,22.3125,17.6875,75.0,180.0,12.11371100285734,16.268682269949217,24.193548387096776,18.06451612903226,,,,
S1,True,4110.0,1417.411,2567.568,22.3125,17.75,74.0,180.0,12.05447493270289,16.21630978409582,23.870967741935484,18.06451612903226,,,,
S1,True,4108.0,1430.168,2583.026,22.375,17.875,74.0,180.0,12.126444610393657,16.317080842839623,23.870967741935484,18.06451612903226,,,,
S1,True,4110.0,1430.168,2583.026,22.375,18.0,75.0,180.0,12.126444610393657,16.349506857692134,24.193548387096776,18.06451612903226,,,,
S1,True,4109.0,1430.168,2583.026,22.375,18.125,74.0,181.0,12.126444610393657,16.38206200594665,23.870967741935484,18.38709677419355,,,,
S1,True,4069.0,1430.168,2583.026,22.375,18.125,74.0,180.0,12.126444610393657,16.38206200594665,23.870967741935484,18.06451612903226,,,,
S1,True,4086.0,1404.682,2552.147,22.4375,18.25,74.0,180.0,12.020625565744243,16.276848413214132,23.870967741935484,18.06451612903226,,,,
S1,True,4110.0,1442.953,2583.026,22.375,18.375,73.0,180.0,12.185895925709422,16.44756280056492,23.5483870967742,18.06451612903226,,,,
S1,True,4105.0,1417.411,2567.568,22.4375,18.375,73.0,180.0,12.07983988021113,16.378372580928918,23.5483870967742,18.06451612903226,,,,
S1,True,4105.0,1430.168,2583.026,22.4375,18.4375,72.0,178.0,12.139205016552198,16.46401992279964,23.225806451612904,17.41935483870968,,,,
S1,True,4109.0,1430.168,2583.026,22.375,18.5625,72.0,180.0,12.126444610393657,16.497033165503975,23.225806451612904,18.06451612903226,,,,
S1,True,4062.0,1430.168,2567.568,22.4375,18.625,73.0,180.0,12.139205016552198,16.444108330255595,23.5483870967742,18.06451612903226,,,,
S1,True,4070.0,1417.411,2567.568,22.375,18.8125,72.0,181.0,12.067144077291315,16.49375747127507,23.225806451612904,18.38709677419355,,,,
S1,True,4072.0,1442.953,2583.026,22.375,18.8125,72.0,180.0,12.185895925709422,16.56345843416549,23.225806451612904,18.06451612903226,,,,
S1,True,4103.0,1442.953,2583.026,22.4375,18.8125,72.0,180.0,12.198721121102718,16.56345843416549,23.225806451612904,18.06451612903226,,,,
S1,True,4110.0,1430.168,2583.026,22.375,18.9375,72.0,181.0,12.126444610393657,16.596872069061778,23.225806451612904,18.38709677419355,,,,
S1,True,4111.0,1430.168,2583.026,22.4375,18.9375,71.0,180.0,12.139205016552198,16.596872069061778,22.90322580645161,18.06451612903226,,,,
S1,True,4064.0,1430.168,2567.568,22.4375,19.0625,71.0,181.0,12.139205016552198,16.560424578930395,22.90322580645161,18.38709677419355,,,,
S1,True,4082.0,1417.411,2567.568,22.4375,19.125,71.0,181.0,12.07983988021113,16.57717564907834,22.90322580645161,18.38709677419355,,,,
S1,True,4110.0,1430.168,2567.568,22.4375,19.1875,71.0,180.0,12.139205016552198,16.593960641359843,22.90322580645161,18.06451612903226,,,,
S1,True,4110.0,1430.168,2583.026,22.4375,19.25,71.0,180.0,12.139205016552198,16.68099894550577,22.90322580645161,18.06451612903226,,,,
S1,True,4071.0,1404.682,2552.147,22.4375,19.3125,71.0,181.0,12.020625565744243,16.557535485512084,22.90322580645161,18.38709677419355,,,,
S1,True,4105.0,1430.168,2583.026,22.4375,19.375,70.0,181.0,12.139205016552198,16.71488897958229,22.58064516129032,18.38709677419355,,,,
S1,True,4109.0,1404.682,2552.147,22.4375,19.4375,70.0,181.0,12.020625565744243,16.59119523192975,22.58064516129032,18.38709677419355,,,,
S1,True,4111.0,1430.168,2567.568,22.4375,19.5,70.0,180.0,12.139205016552198,16.678398059598123,22.58064516129032,18.06451612903226,,,,
S1,True,4110.0,1430.168,2567.568,22.375,19.5,70.0,181.0,12.126444610393657,16.678398059598123,22.58064516129032,18.38709677419355,,,,
S1,True,4105.0,1430.168,2567.568,22.375,19.5625,69.0,180.0,12.126444610393657,16.695388765485767,22.258064516129032,18.06451612903226,,,,
S1,True,4109.0,1417.411,2552.147,22.375,19.6875,69.0,180.0,12.067144077291315,16.65892696140142,22.258064516129032,18.06451612903226,,,,
S1,True,4110.0,1417.411,2552.147,22.375,19.75,69.0,181.0,12.067144077291315,16.67594639058995,22.258064516129032,18.38709677419355,,,,
S1,True,4111.0,1417.411,2567.568,22.375,19.75,69.0,181.0,12.067144077291315,16.746569226223002,22.258064516129032,18.38709677419355,,,,
S1,True,4110.0,1417.411,2552.147,22.375,19.875,68.0,178.0,12.067144077291315,16.710089788968038,21.93548387096774,17.41935483870968,,,,
S1,True,4068.0,1417.411,2552.147,22.375,19.875,69.0,180.0,12.067144077291315,16.710089788968038,22.258064516129032,18.06451612903226,,,,
S1,True,4070.0,1417.411,2552.147,22.375,19.9375,69.0,181.0,12.067144077291315,16.727213972418824,22.258064516129032,18.38709677419355,,,,
S1,True,4086.0,1430.168,2567.568,22.3125,20.0,69.0,181.0,12.11371100285734,16.81529996472958,22.258064516129032,18.38709677419355,,,,
S1,True,4067.0,1430.168,2567.568,22.3125,20.0,68.0,180.0,12.11371100285734,16.81529996472958,21.93548387096774,18.06451612903226,,,,
S1,True,4116.0,1417.411,2552.147,22.3125,20.0625,68.0,180.0,12.05447493270289,16.761567846797263,21.93548387096774,18.06451612903226,,,,
S1,True,4056.0,1417.411,2552.147,22.3125,20.0625,68.0,180.0,12.05447493270289,16.761567846797263,21.93548387096774,18.06451612903226,,,,
S1,True,4062.0,1404.682,2536.765,22.3125,20.1875,68.0,180.0,11.995389313527266,16.7251158714929,21.93548387096774,18.06451612903226,,,,
S1,True,4083.0,1417.411,2552.147,22.3125,20.1875,68.0,180.0,12.05447493270289,16.79606312159215,21.93548387096774,18.06451612903226,,,,
S1,True,4093.0,1430.168,2583.026,22.3125,20.1875,67.0,180.0,12.11371100285734,16.93857569711514,21.61290322580645,18.06451612903226,,,,
S1,True,4073.0,1404.682,2536.765,22.25,20.25,68.0,180.0,11.982810881729945,16.7423402003594,21.93548387096774,18.06451612903226,,,,
S1,True,4117.0,1417.411,2521.42,22.25,20.25,67.0,177.0,12.041832362569158,16.67151615450642,21.61290322580645,17.09677419354838,,,,
S1,True,4074.0,1417.411,2552.147,22.25,20.3125,67.0,177.0,12.041832362569158,16.830700671609208,21.61290322580645,17.09677419354838,,,,
S1,True,4033.0,1417.411,2567.568,22.25,20.3125,67.0,177.0,12.041832362569158,16.902010836021567,21.61290322580645,17.09677419354838,,,,
S1,True,4033.0,1430.168,2583.026,22.1875,20.3125,67.0,180.0,12.088323846674148,16.973521522213076,21.61290322580645,18.06451612903226,,,,
S1,True,4027.0,1417.411,2567.568,22.1875,20.375,67.0,179.0,12.02921628336494,16.919460434412745,21.61290322580645,17.74193548387096,,,,
S1,True,4052.0,1417.411,2552.147,22.1875,20.4375,66.0,177.0,12.02921628336494,16.8654813788853,21.29032258064516,17.09677419354838,,,,
S1,True,4112.0,1417.411,2552.147,22.1875,20.4375,67.0,180.0,12.02921628336494,16.8654813788853,21.61290322580645,18.06451612903226,,,,
S1,True,4115.0,1417.411,2552.147,22.1875,20.4375,67.0,180.0,12.02921628336494,16.8654813788853,21.61290322580645,18.06451612903226,,,,
S1,True,4114.0,1417.411,2552.147,22.1875,20.5,65.0,177.0,12.02921628336494,16.88292569412768,20.96774193548387,17.09677419354838,,,,
S1,True,4113.0,1417.411,2552.147,22.125,20.5,67.0,179.0,12.016626611914717,16.88292569412768,21.61290322580645,17.74193548387096,,,,
S1,True,4078.0,1417.411,2552.147,22.125,20.5,66.0,180.0,12.016626611914717,16.88292569412768,21.29032258064516,18.06451612903226,,,,
S1,True,4073.0,1417.411,2552.147,22.125,20.5625,66.0,179.0,12.016626611914717,16.900406132763326,21.29032258064516,17.74193548387096,,,,
S1,True,4079.0,1404.682,2536.765,22.125,20.625,66.0,179.0,11.957732991392,16.84643582027367,21.29032258064516,17.74193548387096,,,,
S1,True,4110.0,1417.411,2536.765,22.0625,20.625,66.0,179.0,12.004063265390805,16.84643582027367,21.29032258064516,17.74193548387096,,,,
S1,True,4108.0,1404.682,2552.147,22.0625,20.625,66.0,179.0,11.945233367747177,16.9179228071141,21.29032258064516,17.74193548387096,,,,
S1,True,4094.0,1417.411,2536.765,22.0,20.75,66.0,179.0,11.99152616131155,16.881422608868238,21.29032258064516,17.74193548387096,,,,
S1,True,4096.0,1417.411,2552.147,22.0625,20.625,66.0,179.0,12.004063265390805,16.9179228071141,21.29032258064516,17.74193548387096,,,,
S1,True,4114.0,1417.411,2552.147,22.0,20.6875,66.0,179.0,11.99152616131155,16.93547582996802,21.29032258064516,17.74193548387096,,,,
S1,True,4100.0,1417.411,2552.147,22.0,20.75,66.0,179.0,11.99152616131155,16.953065314581686,21.29032258064516,17.74193548387096,,,,
S1,True,4071.0,1417.411,2521.42,21.9375,20.75,65.0,179.0,11.979015217539512,16.809981697891434,20.96774193548387,17.74193548387096,,,,
S1,True,4080.0,1417.411,2552.147,21.9375,20.6875,65.0,178.0,11.979015217539512,16.93547582996802,20.96774193548387,17.41935483870968,,,,
S1,True,4118.0,1430.168,2552.147,21.9375,20.75,65.0,178.0,12.03786743071638,16.953065314581686,20.96774193548387,17.41935483870968,,,,
S1,True,4115.0,1417.411,2521.42,21.6875,20.8125,65.0,178.0,11.929231414722253,16.827451781544312,20.96774193548387,17.41935483870968,,,,
S1,True,4078.0,1430.168,2536.765,21.6875,20.8125,64.0,177.0,11.987830472044472,16.89897055540706,20.64516129032258,17.09677419354838,,,,
S1,True,4069.0,1430.168,2521.42,21.625,20.8125,64.0,175.0,11.975386160254416,16.827451781544312,20.64516129032258,16.4516129032258,,,,
S1,True,4078.0,1417.411,2536.765,21.625,20.8125,64.0,177.0,11.9168500523474,16.89897055540706,20.64516129032258,17.09677419354838,,,,
S1,True,4083.0,1430.168,2536.765,21.5625,20.8125,64.0,177.0,11.96296765802268,16.89897055540706,20.64516129032258,17.09677419354838,,,,
S1,True,4116.0,1430.168,2536.765,21.5625,20.875,64.0,177.0,11.96296765802268,16.91655502148056,20.64516129032258,17.09677419354838,,,,
S1,True,4074.0,1430.168,2552.147,21.5,20.8125,64.0,177.0,11.950574885138725,16.97069137468269,20.64516129032258,17.09677419354838,,,,
S1,True,4117.0,1430.168,2536.765,21.5,20.8125,64.0,177.0,11.950574885138725,16.89897055540706,20.64516129032258,17.09677419354838,,,,
S1,True,4101.0,1430.168,2536.765,21.4375,20.8125,63.0,174.0,11.938207761724057,16.89897055540706,20.32258064516129,16.129032258064502,,,,
S1,True,4119.0,1430.168,2552.147,21.4375,20.8125,64.0,176.0,11.938207761724057,16.97069137468269,20.64516129032258,16.7741935483871,,,,
S1,True,4119.0,1430.168,2536.765,21.4375,20.8125,64.0,177.0,11.938207761724057,16.89897055540706,20.64516129032258,17.09677419354838,,,,
S1,True,4074.0,1430.168,2536.765,21.375,20.8125,63.0,176.0,11.92586620823047,16.89897055540706,20.32258064516129,16.7741935483871,,,,
S1,True,4080.0,1417.411,2536.765,21.3125,20.8125,64.0,176.0,11.855326769037385,16.89897055540706,20.64516129032258,16.7741935483871,,,,
S1,True,4119.0,1430.168,2536.765,21.3125,20.8125,63.0,173.0,11.913550145438377,16.89897055540706,20.32258064516129,15.80645161290322,,,,
S1,True,4119.0,1430.168,2536.765,21.3125,20.75,63.0,176.0,11.913550145438377,16.881422608868238,20.32258064516129,16.7741935483871,,,,
S1,True,4087.0,1442.953,2552.147,21.25,20.8125,64.0,175.0,11.959568234287758,16.97069137468269,20.64516129032258,16.4516129032258,,,,
S1,True,4080.0,1442.953,2552.147,21.25,20.8125,64.0,175.0,11.959568234287758,16.97069137468269,20.64516129032258,16.4516129032258,,,,
S1,True,4119.0,1430.168,2536.765,21.1875,20.75,64.0,176.0,11.888994176713158,16.881422608868238,20.64516129032258,16.7741935483871,,,,
S1,True,4098.0,1442.953,2536.765,21.125,20.75,63.0,175.0,11.93493860309804,16.881422608868238,20.32258064516129,16.4516129032258,,,,
S1,True,4064.0,1442.953,2521.42,21.125,20.8125,63.0,175.0,11.93493860309804,16.827451781544312,20.32258064516129,16.4516129032258,,,,
S1,True,4115.0,1430.168,2536.765,21.0625,20.6875,63.0,175.0,11.864539228299584,16.863911068216083,20.32258064516129,16.4516129032258,,,,
S1,True,4115.0,1455.767,2552.147,21.0625,20.6875,63.0,174.0,11.980936018193647,16.93547582996802,20.32258064516129,16.129032258064502,,,,
S1,True,4120.0,1442.953,2536.765,21.0,20.6875,63.0,175.0,11.91041020834306,16.863911068216083,20.32258064516129,16.4516129032258,,,,
S1,True,4105.0,1442.953,2552.147,20.9375,20.6875,63.0,175.0,11.89818377977384,16.93547582996802,20.32258064516129,16.4516129032258,,,,
S1,True,4101.0,1442.953,2536.765,20.875,20.6875,62.0,171.0,11.88598242712702,16.863911068216083,20.0,15.16129032258064,,,,
S1,True,4117.0,1442.953,2536.765,20.875,20.6875,63.0,174.0,11.88598242712702,16.863911068216083,20.32258064516129,16.129032258064502,,,,
S1,True,4121.0,1455.767,2552.147,20.8125,20.625,63.0,174.0,11.931833179750097,16.9179228071141,20.32258064516129,16.129032258064502,,,,
S1,True,4082.0,1442.953,2536.765,20.75,20.625,63.0,173.0,11.861654641653807,16.84643582027367,20.32258064516129,15.80645161290322,,,,
S1,True,4079.0,1455.767,2536.765,20.75,20.625,63.0,173.0,11.919620294447606,16.84643582027367,20.32258064516129,15.80645161290322,,,,
S1,True,4087.0,1468.61,2552.147,20.6875,20.5625,62.0,174.0,11.965487439632495,16.900406132763326,20.0,16.129032258064502,,,,
S1,True,4121.0,1442.953,2521.42,20.625,20.5625,63.0,174.0,11.837426239174905,16.75778841824849,20.32258064516129,16.129032258064502,,,,
S1,True,4099.0,1455.767,2552.147,20.5625,20.5,62.0,174.0,11.883131186020671,16.88292569412768,20.0,16.129032258064502,,,,
S1,True,4120.0,1442.953,2536.765,20.5625,20.5,61.0,170.0,11.825349116441933,16.81159375215109,19.67741935483871,14.83870967741935,,,,
S1,True,4081.0,1468.61,2536.765,20.5,20.5,62.0,173.0,11.928889067001672,16.81159375215109,20.0,15.80645161290322,,,,
S1,True,4122.0,1442.953,2521.42,20.4375,20.5,62.0,173.0,11.801268650466188,16.74046260826313,20.0,15.80645161290322,,,,
S1,True,4090.0,1455.767,2521.42,20.375,20.4375,62.0,172.0,11.846864801389405,16.723172587445887,20.0,15.48387096774193,,,,
S1,True,4122.0,1455.767,2521.42,20.3125,20.375,62.0,170.0,11.834825148591843,16.705918245018992,20.0,14.83870967741935,,,,
S1,True,4117.0,1468.61,2536.765,20.3125,20.375,62.0,172.0,11.892513895721043,16.77689550841421,20.0,15.48387096774193,,,,
S1,True,4122.0,1442.953,2521.42,20.25,20.375,62.0,172.0,11.765331276856834,16.705918245018992,20.0,15.48387096774193,,,,
S1,True,4121.0,1468.61,2521.42,20.1875,20.3125,62.0,171.0,11.868386776010386,16.6886994706614,20.0,15.16129032258064,,,,
S1,True,4122.0,1455.767,2521.42,20.1875,20.25,62.0,172.0,11.81081910755168,16.67151615450642,20.0,15.48387096774193,,,,
S1,True,4122.0,1468.61,2536.765,20.125,20.25,61.0,169.0,11.85635989015132,16.7423402003594,19.67741935483871,14.516129032258052,,,,
S1,True,4118.0,1468.61,2536.765,20.0625,20.1875,61.0,169.0,11.844357354620044,16.7251158714929,19.67741935483871,14.516129032258052,,,,
S1,True,4106.0,1481.481,2536.765,20.0,20.1875,62.0,171.0,11.889910540089254,16.7251158714929,20.0,15.16129032258064,,,,
S1,True,4095.0,1468.61,2536.765,19.9375,20.125,62.0,171.0,11.820425039332074,16.707926946589833,20.0,15.16129032258064,,,,
S1,True,4107.0,1481.481,2552.147,19.875,20.125,62.0,171.0,11.865906398667704,16.778797754635903,20.0,15.16129032258064,,,,
S1,True,4118.0,1481.481,2552.147,19.8125,20.0625,62.0,170.0,11.853940637171942,16.761567846797263,20.0,14.83870967741935,,,,
S1,True,4081.0,1481.481,2536.765,19.75,20.0625,62.0,170.0,11.8419989842785,16.690773316604986,20.0,14.83870967741935,,,,
S1,True,4087.0,1481.481,2536.765,19.6875,20.0,61.0,170.0,11.830081367199732,16.673654872940507,19.67741935483871,14.83870967741935,,,,
S1,True,4084.0,1481.481,2536.765,19.625,19.9375,62.0,170.0,11.818187713440702,16.656571507443605,20.0,14.83870967741935,,,,
S1,True,4122.0,1481.481,2521.42,19.5625,19.9375,61.0,167.0,11.806317950797723,16.586127632948813,19.67741935483871,13.87096774193548,,,,
S1,True,4103.0,1481.481,2552.147,19.5,19.9375,62.0,169.0,11.794472007356886,16.727213972418824,20.0,14.516129032258052,,,,
S1,True,4078.0,1494.382,2536.765,19.4375,19.875,62.0,169.0,11.839796381326622,16.639523112404273,20.0,14.516129032258052,,,,
S1,True,4121.0,1481.481,2552.147,19.375,19.75,61.0,169.0,11.770851291866244,16.67594639058995,19.67741935483871,14.516129032258052,,,,
S1,True,4122.0,1481.481,2536.765,19.3125,19.75,61.0,169.0,11.75907637742452,16.605530805058677,19.67741935483871,14.516129032258052,,,,
S1,True,4082.0,1481.481,2521.42,19.3125,19.75,61.0,169.0,11.75907637742452,16.535313084660366,19.67741935483871,14.516129032258052,,,,
S1,True,4083.0,1494.382,2536.765,19.1875,19.6875,61.0,168.0,11.792507571282751,16.588586679526045,19.67741935483871,14.19354838709677,,,,
S1,True,4121.0,1481.481,2536.765,19.1875,19.625,61.0,168.0,11.73559708130082,16.57167709799378,19.67741935483871,14.19354838709677,,,,
S1,True,4086.0,1507.312,2552.147,19.125,19.625,60.0,167.0,11.837742880863948,16.641942236767257,19.35483870967742,13.87096774193548,,,,
S1,True,4092.0,1494.382,2552.147,19.0,19.5625,61.0,167.0,11.757288120711271,16.624992110645767,19.67741935483871,13.87096774193548,,,,
S1,True,4080.0,1507.312,2536.765,18.9375,19.5,61.0,168.0,11.802417621639572,16.53796114524079,19.67741935483871,14.19354838709677,,,,
S1,True,4095.0,1494.382,2536.765,18.875,19.375,61.0,167.0,11.733925128372276,16.504382107701623,19.67741935483871,13.87096774193548,,,,
S1,True,4095.0,1507.312,2536.765,18.8125,19.375,61.0,167.0,11.778984343886355,16.504382107701623,19.67741935483871,13.87096774193548,,,,
S1,True,4071.0,1507.312,2536.765,18.75,19.375,61.0,166.0,11.767302564853953,16.504382107701623,19.67741935483871,13.548387096774182,,,,
S1,True,4083.0,1507.312,2536.765,18.6875,19.3125,61.0,167.0,11.75564393361658,16.48764367178062,19.67741935483871,13.87096774193548,,,,
S1,True,4123.0,1494.382,2521.42,18.625,19.25,61.0,167.0,11.687476589691633,16.401317485796884,19.67741935483871,13.87096774193548,,,,
S1,True,4124.0,1507.312,2552.147,18.5625,19.25,61.0,166.0,11.732395839862892,16.540756776357455,19.67741935483871,13.548387096774182,,,,
S1,True,4100.0,1507.312,2536.765,18.5625,19.1875,61.0,167.0,11.732395839862892,16.454268448611803,19.67741935483871,13.87096774193548,,,,
S1,True,4123.0,1507.312,2521.42,18.5,19.125,61.0,166.0,11.720806240692866,16.368157227222948,19.67741935483871,13.548387096774182,,,,
S1,True,4122.0,1520.27,2552.147,18.4375,19.125,61.0,166.0,11.765738933132551,16.5073011687303,19.67741935483871,13.548387096774182,,,,
S1,True,4118.0,1507.312,2552.147,18.375,19.0625,61.0,166.0,11.697695598153006,16.49062406454185,19.67741935483871,13.548387096774182,,,,
S1,True,4091.0,1507.312,2536.765,18.25,19.0,61.0,165.0,11.67467591364766,16.404458196990593,19.67741935483871,13.2258064516129,,,,
S1,True,4123.0,1520.27,2536.765,18.25,18.9375,60.0,164.0,11.73100283091403,16.387921727900224,19.35483870967742,12.9032258064516,,,,
S1,True,4126.0,1520.27,2536.765,18.1875,18.9375,61.0,165.0,11.719469663908084,16.387921727900224,19.67741935483871,13.2258064516129,,,,
S1,True,4122.0,1520.27,2536.765,18.0625,18.8125,61.0,165.0,11.696471228394662,16.35494860573482,19.67741935483871,13.2258064516129,,,,
S1,True,4104.0,1507.312,2521.42,18.0,18.75,61.0,163.0,11.628907279225013,16.269476123903353,19.67741935483871,12.58064516129032,,,,
S1,True,4117.0,1520.27,2567.568,18.0,18.75,61.0,164.0,11.685005826772922,16.477174479099688,19.67741935483871,12.9032258064516,,,,
S1,True,4079.0,1520.27,2536.765,17.9375,18.6875,60.0,164.0,11.673562880932844,16.3221079034887,19.35483870967742,12.9032258064516,,,,
S1,True,4116.0,1533.258,2552.147,17.875,18.625,61.0,164.0,11.71827540613748,16.374821234086568,19.67741935483871,12.9032258064516,,,,
S1,True,4072.0,1533.258,2552.147,17.8125,18.625,61.0,164.0,11.706820432379851,16.374821234086568,19.67741935483871,12.9032258064516,,,,
S1,True,4078.0,1533.258,2552.147,17.75,18.5,60.0,162.0,11.695387831928263,16.34203284213893,19.35483870967742,12.25806451612903,,,,
S1,True,4099.0,1533.258,2552.147,17.6875,18.5,61.0,164.0,11.683977539298963,16.34203284213893,19.67741935483871,12.9032258064516,,,,
S1,True,4093.0,1533.258,2536.765,17.6875,18.4375,61.0,163.0,11.683977539298963,16.25682058073024,19.67741935483871,12.58064516129032,,,,
S1,True,4078.0,1533.258,2552.147,17.5625,18.375,61.0,163.0,11.661223616847469,16.30937549653759,19.67741935483871,12.58064516129032,,,,
S1,True,4123.0,1520.27,2521.42,17.5,18.375,61.0,163.0,11.594085518036808,16.171977756450463,19.67741935483871,12.58064516129032,,,,
S1,True,4078.0,1520.27,2521.42,17.4375,18.3125,61.0,163.0,11.582819867274845,16.1558415252084,19.67741935483871,12.58064516129032,,,,
S1,True,4103.0,1520.27,2521.42,17.375,18.25,60.0,163.0,11.571576088300342,16.139737462995893,19.35483870967742,12.58064516129032,,,,
S1,True,4105.0,1520.27,2521.42,17.3125,18.1875,61.0,163.0,11.560354117480337,16.123665473710954,19.67741935483871,12.58064516129032,,,,
S1,True,4079.0,1520.27,2521.42,17.3125,18.125,61.0,162.0,11.560354117480337,16.107625461634015,19.67741935483871,12.25806451612903,,,,
S1,True,4077.0,1520.27,2521.42,17.25,18.125,60.0,162.0,11.54915389142847,16.107625461634015,19.35483870967742,12.25806451612903,,,,
S1,True,4039.0,1546.275,2536.765,17.1875,18.0625,61.0,162.0,11.649147724687948,16.15986304918502,19.67741935483871,12.25806451612903,,,,
S1,True,4084.0,1520.27,2521.42,17.125,18.0,60.0,162.0,11.526818421309562,16.075640988126477,19.35483870967742,12.25806451612903,,,,
S1,True,4123.0,1546.275,2536.765,17.0625,18.0,60.0,162.0,11.626633325837332,16.143815789504092,19.35483870967742,12.25806451612903,,,,
S1,True,4123.0,1559.322,2552.147,17.0625,17.9375,60.0,161.0,11.682325474702514,16.196095513083073,19.35483870967742,11.93548387096774,,,,
S1,True,4085.0,1559.322,2567.568,17.0,18.0,60.0,161.0,11.671045276501951,16.280748509615517,19.35483870967742,11.93548387096774,,,,
S1,True,4052.0,1546.275,2552.147,16.9375,17.875,60.0,162.0,11.604205786621655,16.180040989492618,19.35483870967742,12.25806451612903,,,,
S1,True,4097.0,1546.275,2552.147,16.9375,17.875,60.0,161.0,11.604205786621655,16.180040989492618,19.35483870967742,11.93548387096774,,,,
S1,True,4123.0,1533.258,2521.42,16.8125,17.875,60.0,161.0,11.526539692939656,16.04378328429301,19.35483870967742,11.93548387096774,,,,
S1,True,4079.0,1559.322,2552.147,16.8125,17.75,60.0,161.0,11.637335007336796,16.14802723852027,19.35483870967742,11.93548387096774,,,,
S1,True,4089.0,1559.322,2536.765,16.75,17.6875,60.0,161.0,11.626141483835196,16.064055192394928,19.35483870967742,11.93548387096774,,,,
S1,True,4119.0,1546.275,2552.147,16.75,17.6875,60.0,160.0,11.570726243236043,16.132067822772104,19.35483870967742,11.61290322580645,,,,
S1,True,4082.0,1572.398,2552.147,16.6875,17.625,60.0,160.0,11.67047071496197,16.116139921891712,19.35483870967742,11.61290322580645,,,,
S1,True,4083.0,1598.64,2552.147,16.5625,17.625,67.0,160.0,11.759298644232922,16.116139921891712,21.61290322580645,11.61290322580645,,,,
S1,True,4119.0,1638.225,2583.026,16.3125,17.5,69.0,157.0,11.881576269626471,16.220569960821493,22.258064516129032,10.64516129032258,,,,
S1,True,4124.0,1664.766,2583.026,16.0625,17.5625,76.0,159.0,11.948077622291148,16.236575747042224,24.516129032258064,11.290322580645151,,,,
S1,True,4123.0,1691.429,2598.522,15.875,17.5,76.0,158.0,12.0260507238245,16.288955374890897,24.516129032258064,10.96774193548387,,,,
S1,True,4119.0,1664.766,2583.026,15.75,17.5625,77.0,158.0,11.89141332635204,16.236575747042224,24.83870967741936,10.96774193548387,,,,
S1,True,4124.0,1638.225,2552.147,15.5625,17.5,76.0,155.0,11.74676634937577,16.08437829207792,24.516129032258064,10.0,,,,
S1,True,4123.0,1678.082,2583.026,15.375,17.5,77.0,157.0,11.879628692452544,16.220569960821493,24.83870967741936,10.64516129032258,,,,
S1,True,4119.0,1691.429,2583.026,15.1875,17.4375,77.0,156.0,11.901597462204569,16.20459570007775,24.83870967741936,10.32258064516128,,,,
S1,True,4118.0,1704.806,2583.026,15.0625,17.4375,77.0,156.0,11.934772366092105,16.20459570007775,24.83870967741936,10.32258064516128,,,,
S1,True,4123.0,1704.806,2552.147,14.9375,17.375,77.0,156.0,11.912396810245438,16.052741607431166,24.83870967741936,10.32258064516128,,,,
S1,True,4079.0,1718.213,2552.147,14.8125,17.375,77.0,153.0,11.945558539756544,16.052741607431166,24.83870967741936,9.35483870967742,,,,
S1,True,4105.0,1731.651,2567.568,14.75,17.3125,77.0,155.0,11.98993625172074,16.10476098301454,24.83870967741936,10.0,,,,
S1,True,4111.0,1799.308,2583.026,14.75,17.25,77.0,155.0,12.26987092343338,16.156861142049216,24.83870967741936,10.0,,,,
S1,True,4107.0,1826.59,2598.522,14.6875,17.1875,78.0,156.0,12.37129990054115,16.20904635889062,25.161290322580644,10.32258064516128,,,,
S1,True,4100.0,1840.278,2583.026,14.6875,17.125,77.0,156.0,12.42797295507743,16.1251940345771,24.83870967741936,10.32258064516128,,,,
S1,True,4119.0,1992.966,2629.63,14.6875,16.9375,78.0,155.0,13.0614279703473,16.28178072515678,25.161290322580644,10.0,,,,
S1,True,4123.0,1964.912,2598.522,14.6875,16.8125,78.0,155.0,12.944865023957409,16.11418439220517,25.161290322580644,10.0,,,,
S1,True,4111.0,2063.679,2645.241,14.625,16.6875,78.0,155.0,13.343073239233956,16.286415106994138,25.161290322580644,10.0,,,,
S1,True,4082.0,2007.042,2614.057,14.625,16.5,78.0,155.0,13.107656715069307,16.103446770087135,25.161290322580644,10.0,,,,
S1,True,4083.0,2063.679,2629.63,14.5625,16.3125,78.0,155.0,13.330581256101878,16.124136310198214,25.161290322580644,10.0,,,,
S1,True,4077.0,2120.853,2614.057,14.5,16.125,77.0,154.0,13.555626284218317,16.01018519442992,24.83870967741936,9.67741935483871,,,,
S1,True,4107.0,2149.644,2645.241,14.4375,15.9375,78.0,154.0,13.662562558511516,16.098244357316382,25.161290322580644,9.67741935483871,,,,
S1,True,4119.0,2207.637,2660.891,14.375,15.75,77.0,151.0,13.890744558825864,16.119107922264664,24.83870967741936,8.70967741935484,,,,
S1,True,4069.0,2193.087,2645.241,14.375,15.625,78.0,154.0,13.83026018284512,16.021117050441006,25.161290322580644,9.67741935483871,,,,
S1,True,4119.0,2193.087,2645.241,14.3125,15.4375,78.0,154.0,13.817340242316323,15.97519438859089,25.161290322580644,9.67741935483871,,,,
S1,True,4084.0,2149.644,2629.63,14.25,15.25,77.0,154.0,13.6243284863024,15.863033320051404,24.83870967741936,9.67741935483871,,,,
S1,True,4124.0,2222.222,2645.241,14.25,15.1875,78.0,154.0,13.925344750747064,15.914372135242578,25.161290322580644,9.67741935483871,,,,
S1,True,4124.0,2222.222,2645.241,14.1875,15.0625,78.0,154.0,13.912355683622744,15.88413435470482,25.161290322580644,9.67741935483871,,,,
S1,True,4120.0,2178.572,2645.241,14.1875,15.0,78.0,154.0,13.731430414879396,15.8690585130511,25.161290322580644,9.67741935483871,,,,
S1,True,4094.0,2280.912,2708.074,14.125,14.875,78.0,153.0,14.142719533887249,16.105318304284914,25.161290322580644,9.35483870967742,,,,
S1,True,4087.0,2280.912,2676.58,14.125,14.8125,78.0,154.0,14.142719533887249,15.956653902351556,25.161290322580644,9.67741935483871,,,,
S1,True,4104.0,2164.09,2629.63,14.0625,14.75,78.0,153.0,13.64600668597532,15.74306522993351,25.161290322580644,9.35483870967742,,,,
S1,True,4073.0,2280.912,2692.308,14.0625,14.75,78.0,153.0,14.129542966359876,16.008106622966828,25.161290322580644,9.35483870967742,,,,
S1,True,4124.0,2236.842,2676.58,14.0,14.6875,78.0,153.0,13.933998533114265,15.926496083792438,25.161290322580644,9.35483870967742,,,,
S1,True,4124.0,2178.572,2645.241,14.0,14.6875,78.0,153.0,13.693133161005315,15.7941065377317,25.161290322580644,9.35483870967742,,,,
S1,True,4086.0,2178.572,2645.241,14.0,14.5625,78.0,153.0,13.693133161005315,15.764323619133055,25.161290322580644,9.35483870967742,,,,
S1,True,4085.0,2295.673,2708.074,13.9375,14.5,78.0,153.0,14.164338716133344,16.014225139007305,25.161290322580644,9.35483870967742,,,,
S1,True,4123.0,2295.673,2723.881,13.9375,14.5625,78.0,153.0,14.164338716133344,16.096069172800597,25.161290322580644,9.35483870967742,,,,
S1,True,4124.0,2236.842,2676.58,13.9375,14.375,78.0,153.0,13.921047432881476,15.851597922663348,25.161290322580644,9.35483870967742,,,,
S1,True,4124.0,2251.497,2723.881,13.875,14.4375,78.0,154.0,13.9686343664653,16.06574496882839,25.161290322580644,9.67741935483871,,,,
S1,True,4087.0,2280.912,2739.726,13.875,14.3125,78.0,153.0,14.090160170177937,16.10219115382466,25.161290322580644,9.35483870967742,,,,
S1,True,4124.0,2193.087,2660.891,13.8125,14.3125,78.0,153.0,13.714843278598432,15.77080370514333,25.161290322580644,9.35483870967742,,,,
S1,True,4111.0,2251.497,2723.881,13.875,14.3125,78.0,152.0,13.9686343664653,16.03553480862593,25.161290322580644,9.03225806451613,,,,
S1,True,4124.0,2266.187,2708.074,13.8125,14.25,78.0,153.0,14.01629416143574,15.954066690869722,25.161290322580644,9.35483870967742,,,,
S1,True,4059.0,2164.09,2614.057,13.8125,14.1875,78.0,153.0,13.59541126074357,15.545042438178411,25.161290322580644,9.35483870967742,,,,
S1,True,4125.0,2222.222,2692.308,13.8125,14.1875,78.0,153.0,13.834927309946307,15.872954618289077,25.161290322580644,9.35483870967742,,,,
S1,True,4124.0,2135.231,2660.891,13.75,14.125,78.0,153.0,13.464154005992627,15.726479326440629,25.161290322580644,9.35483870967742,,,,
S1,True,4102.0,2207.637,2692.308,13.75,14.125,77.0,153.0,13.762039614077148,15.858078467337164,24.83870967741936,9.35483870967742,,,,
S1,True,4125.0,2193.087,2692.308,13.6875,14.0625,78.0,153.0,13.689456198475089,15.843230174167775,25.161290322580644,9.35483870967742,,,,
S1,True,4123.0,2149.644,2676.58,13.6875,14.0,79.0,153.0,13.51089953629354,15.76264478924087,25.48387096774193,9.35483870967742,,,,
S1,True,4053.0,2178.572,2692.308,13.6875,14.0,78.0,152.0,13.629776927475444,15.828409660602407,25.161290322580644,9.03225806451613,,,,
S1,True,4120.0,2178.572,2692.308,13.625,14.0,77.0,151.0,13.617175969453724,15.828409660602407,24.83870967741936,8.70967741935484,,,,
S1,True,4124.0,2135.231,2645.241,13.625,13.9375,78.0,152.0,13.439271217540735,15.617078136842842,25.161290322580644,9.03225806451613,,,,
S1,True,4124.0,2207.637,2708.074,13.5625,14.0,78.0,153.0,13.723891923484986,15.894358529222153,25.161290322580644,9.35483870967742,,,,
S1,True,4089.0,2164.09,2692.308,13.5625,14.0,79.0,152.0,13.545189635821355,15.828409660602407,25.48387096774193,9.03225806451613,,,,
S1,True,4088.0,2106.509,2676.58,13.5,13.9375,78.0,152.0,13.29691020928066,15.747916237362144,25.161290322580644,9.03225806451613,,,,
S1,True,4087.0,2120.853,2660.891,13.5,13.9375,78.0,152.0,13.35561557115408,15.682403399794332,25.161290322580644,9.03225806451613,,,,
S1,True,4119.0,2193.087,2739.726,13.5,13.9375,78.0,152.0,13.651551314694,16.01184732820702,25.161290322580644,9.03225806451613,,,,
S1,True,4121.0,2193.087,2723.881,13.4375,13.875,78.0,152.0,13.638962957194826,15.930688115018892,25.161290322580644,9.03225806451613,,,,
S1,True,4121.0,2178.572,2739.726,13.4375,13.875,78.0,151.0,13.579512506297046,15.996888493405525,25.161290322580644,8.70967741935484,,,,
S1,True,4123.0,2149.644,2708.074,13.4375,13.75,78.0,152.0,13.4610906836548,15.835095617317409,25.161290322580644,9.03225806451613,,,,
S1,True,4084.0,2135.231,2708.074,13.375,13.8125,77.0,149.0,13.389780536380112,15.849869875750382,24.83870967741936,8.06451612903226,,,,
S1,True,4090.0,2106.509,2692.308,13.375,13.8125,78.0,151.0,13.27243535766964,15.784114020121104,25.161290322580644,8.70967741935484,,,,
S1,True,4075.0,2135.231,2708.074,13.375,13.75,78.0,151.0,13.389780536380112,15.835095617317409,25.161290322580644,8.70967741935484,,,,
S1,True,4093.0,2135.231,2708.074,13.3125,13.75,78.0,151.0,13.377464767302698,15.835095617317409,25.161290322580644,8.70967741935484,,,,
S1,True,4093.0,2178.572,2708.074,13.3125,13.75,77.0,151.0,13.55451906514294,15.835095617317409,24.83870967741936,8.70967741935484,,,,
S1,True,4124.0,2135.231,2708.074,13.3125,13.6875,77.0,152.0,13.377464767302698,15.820348876515512,24.83870967741936,9.03225806451613,,,,
S1,True,4120.0,2149.644,2708.074,13.3125,13.6875,77.0,149.0,13.436323721748776,15.820348876515512,24.83870967741936,8.06451612903226,,,,
S1,True,4124.0,2135.231,2692.308,13.25,13.6875,79.0,151.0,13.36517163321678,15.754721070970104,25.48387096774193,8.70967741935484,,,,
S1,True,4109.0,2149.644,2708.074,13.1875,13.625,79.0,151.0,13.41164772957092,15.80562957653724,25.48387096774193,8.70967741935484,,,,
S1,True,4122.0,1718.213,4847.605,13.5625,13.4375,63.0,152.0,11.726091194536476,24.86843437992877,20.32258064516129,9.03225806451613,,,,
S1,True,4108.0,1950.935,10583.5,13.625,13.375,64.0,153.0,12.684830814311264,53.48567354932214,20.64516129032258,9.35483870967742,,,,
